#
# There is insufficient memory for the Java Runtime Environment to continue.
# Native memory allocation (mmap) failed to map 16777216 bytes. Error detail: Failed to reserve memory for metaspace
# Possible reasons:
#   The system is out of physical RAM or swap space
#   In 32 bit mode, the process size limit was hit
# Possible solutions:
#   Reduce memory load on the system
#   Increase physical memory or swap space
#   Check if swap backing store is full
#   Use 64 bit Java on a 64 bit OS
#   Decrease Java heap size (-Xmx/-Xms)
#   Decrease number of Java threads
#   Decrease Java thread stack sizes (-Xss)
#   Set larger code cache with -XX:ReservedCodeCacheSize=
# This output file may be truncated or incomplete.
#
#  Out of Memory Error (virtualSpaceNode.cpp:249), pid=17104, tid=3296
#
# JRE version: OpenJDK Runtime Environment Temurin-17.0.11+9 (17.0.11+9) (build 17.0.11+9)
# Java VM: OpenJDK Client VM Temurin-17.0.11+9 (17.0.11+9, mixed mode, emulated-client, serial gc, windows-x86)
# No core dump will be written. Minidumps are not enabled by default on client versions of Windows
#

---------------  S U M M A R Y ------------

Command Line: --add-opens=java.base/java.lang=ALL-UNNAMED --add-opens=java.base/java.lang.invoke=ALL-UNNAMED --add-opens=java.base/java.util=ALL-UNNAMED --add-opens=java.prefs/java.util.prefs=ALL-UNNAMED --add-exports=jdk.compiler/com.sun.tools.javac.api=ALL-UNNAMED --add-exports=jdk.compiler/com.sun.tools.javac.util=ALL-UNNAMED --add-opens=java.base/java.util=ALL-UNNAMED --add-opens=java.prefs/java.util.prefs=ALL-UNNAMED --add-opens=java.base/java.nio.charset=ALL-UNNAMED --add-opens=java.base/java.net=ALL-UNNAMED --add-opens=java.base/java.util.concurrent.atomic=ALL-UNNAMED --add-opens=java.xml/javax.xml.namespace=ALL-UNNAMED -Xmx1536m -Dfile.encoding=windows-1252 -Duser.country=US -Duser.language=en -Duser.variant -javaagent:C:\Users\Agent17\.gradle\wrapper\dists\gradle-8.11.1-bin\bpt9gzteqjrbo1mjrsomdt32c\gradle-8.11.1\lib\agents\gradle-instrumentation-agent-8.11.1.jar -agentpath:C:\Program Files\SentinelOne\Sentinel Agent 25.1.3.334\SentinelJava32.dll=extendedCapabilities org.gradle.launcher.daemon.bootstrap.GradleDaemon 8.11.1

Host: 12th Gen Intel(R) Core(TM) i5-1235U, 12 cores, 15G,  Windows 11 , 64 bit Build 26100 (10.0.26100.8875)
Time: Mon Jul 20 22:03:31 2026 Arabian Standard Time elapsed time: 441.833975 seconds (0d 0h 7m 21s)

---------------  T H R E A D  ---------------

Current thread (0x6caf8b68):  JavaThread "WorkerExecutor Queue Thread 3" [_thread_in_vm, id=3296, stack(0x6e8b0000,0x6e900000)]

Stack: [0x6e8b0000,0x6e900000]
Java frames: (J=compiled Java code, j=interpreted, Vv=VM code)
J 785  java.lang.ClassLoader.defineClass1(Ljava/lang/ClassLoader;Ljava/lang/String;[BIILjava/security/ProtectionDomain;Ljava/lang/String;)Ljava/lang/Class; java.base@17.0.11 (0 bytes) @ 0x03bd6857 [0x03bd67a0+0x000000b7]
J 1203 c1 java.lang.ClassLoader.defineClass(Ljava/lang/String;[BIILjava/security/ProtectionDomain;)Ljava/lang/Class; java.base@17.0.11 (43 bytes) @ 0x03c73f18 [0x03c73e50+0x000000c8]
J 3263 c1 java.net.URLClassLoader.defineClass(Ljava/lang/String;Ljdk/internal/loader/Resource;)Ljava/lang/Class; java.base@17.0.11 (224 bytes) @ 0x03f2e7ac [0x03f2ded0+0x000008dc]
J 3253 c1 java.net.URLClassLoader$1.run()Ljava/lang/Class; java.base@17.0.11 (81 bytes) @ 0x03f2b234 [0x03f2afd0+0x00000264]
J 741 c1 java.net.URLClassLoader.findClass(Ljava/lang/String;)Ljava/lang/Class; java.base@17.0.11 (47 bytes) @ 0x03bcc8a0 [0x03bcc7d0+0x000000d0]
J 26398 c1 org.gradle.internal.classloader.VisitableURLClassLoader$InstrumentingVisitableURLClassLoader.findClass(Ljava/lang/String;)Ljava/lang/Class; (36 bytes) @ 0x041f57bc [0x041f5760+0x0000005c]
J 677 c1 java.lang.ClassLoader.loadClass(Ljava/lang/String;Z)Ljava/lang/Class; java.base@17.0.11 (121 bytes) @ 0x03bb2cb4 [0x03bb2ae0+0x000001d4]
J 685 c1 java.lang.ClassLoader.loadClass(Ljava/lang/String;)Ljava/lang/Class; java.base@17.0.11 (7 bytes) @ 0x03bb591c [0x03bb58e0+0x0000003c]
v  ~StubRoutines::call_stub
j  com.android.tools.r8.internal.Fd.<clinit>()V+99
v  ~StubRoutines::call_stub
j  com.android.tools.r8.internal.Dd0.a(Ljava/lang/Class;)Lcom/android/tools/r8/internal/Fd;+7
j  com.android.tools.r8.internal.bL.<clinit>()V+6
v  ~StubRoutines::call_stub
j  com.android.tools.r8.internal.NP.<init>(ILjava/lang/String;)V+122
j  com.android.tools.r8.internal.ab0.a(Lcom/android/tools/r8/internal/F80;Lcom/android/tools/r8/internal/Wa0;)Lcom/android/tools/r8/internal/NP;+25
j  com.android.tools.r8.internal.nQ.<init>(Lcom/android/tools/r8/kotlin/S;)V+155
j  com.android.tools.r8.internal.lQ.a(Lcom/android/tools/r8/kotlin/S;)Lcom/android/tools/r8/internal/lQ;+352
j  com.android.tools.r8.kotlin.r.a(Lcom/android/tools/r8/kotlin/g;Ljava/util/IdentityHashMap;)Lcom/android/tools/r8/internal/lQ;+276
j  com.android.tools.r8.kotlin.r.a(Lcom/android/tools/r8/graph/y;Lcom/android/tools/r8/graph/I2;Ljava/util/function/Supplier;)Z+171
j  com.android.tools.r8.kotlin.V.a(Lcom/android/tools/r8/shaking/M;ZLjava/util/Set;Ljava/util/Set;Lcom/android/tools/r8/graph/I2;)V+65
j  com.android.tools.r8.kotlin.V$$Lambda$3811+0x7cf96cc8.accept(Ljava/lang/Object;)V+24
J 23252 c1 java.lang.Iterable.forEach(Ljava/util/function/Consumer;)V java.base@17.0.11 (39 bytes) @ 0x0415cd60 [0x0415cce0+0x00000080]
J 28940 c1 java.util.Collections$SetFromMap.forEach(Ljava/util/function/Consumer;)V java.base@17.0.11 (11 bytes) @ 0x040b3a98 [0x040b3a60+0x00000038]
j  com.android.tools.r8.shaking.M.a(Ljava/util/function/Consumer;)V+8
j  com.android.tools.r8.kotlin.V.a(Lcom/android/tools/r8/shaking/M;)V+81
j  com.android.tools.r8.shaking.M.a(Lcom/android/tools/r8/shaking/y4;Ljava/util/concurrent/ExecutorService;Lcom/android/tools/r8/internal/Ar0;)Lcom/android/tools/r8/shaking/c0;+425
j  com.android.tools.r8.R8.a(Lcom/android/tools/r8/shaking/g;Ljava/util/concurrent/ExecutorService;Lcom/android/tools/r8/graph/y;Lcom/android/tools/r8/internal/e70;Lcom/android/tools/r8/graph/Y5;Ljava/util/List;)Lcom/android/tools/r8/graph/y;+127
j  com.android.tools.r8.R8.a(Lcom/android/tools/r8/utils/i;Ljava/util/concurrent/ExecutorService;)V+1073
j  com.android.tools.r8.R8.c(Lcom/android/tools/r8/utils/i;Lcom/android/tools/r8/internal/MI;Ljava/util/concurrent/ExecutorService;)V+44
j  com.android.tools.r8.R8.b(Lcom/android/tools/r8/utils/i;Lcom/android/tools/r8/internal/MI;Ljava/util/concurrent/ExecutorService;)V+4
j  com.android.tools.r8.R8$$Lambda$2750+0x7c8b6bc0.run()V+12
j  com.android.tools.r8.internal.Nu.a(Lcom/android/tools/r8/internal/Me0;Lcom/android/tools/r8/internal/Nu$a;)V+2
j  com.android.tools.r8.R8.a(Lcom/android/tools/r8/utils/i;Lcom/android/tools/r8/internal/MI;)V+17
j  com.android.tools.r8.R8.run(Lcom/android/tools/r8/R8Command;)V+8
j  com.android.builder.dexing.R8Tool.runR8(Ljava/util/Collection;Ljava/nio/file/Path;Ljava/nio/file/Path;Ljava/nio/file/Path;Ljava/util/Collection;Ljava/util/Collection;Lcom/android/builder/dexing/ToolConfig;Lcom/android/builder/dexing/ProguardConfig;Lcom/android/builder/dexing/MainDexListConfig;Lcom/android/builder/dexing/ResourceShrinkingConfig;Lcom/android/ide/common/blame/MessageReceiver;ZLjava/util/Collection;Ljava/util/Collection;Ljava/nio/file/Path;Ljava/nio/file/Path;Ljava/lang/String;Ljava/nio/file/Path;Ljava/nio/file/Path;Ljava/nio/file/Path;Ljava/nio/file/Path;Lcom/android/builder/dexing/PartialShrinkingConfig;)V+1514
j  com.android.build.gradle.internal.tasks.R8Task$Companion.shrink(Ljava/util/List;IZZZZLjava/util/List;Ljava/util/List;Ljava/io/File;ZZLjava/util/List;Ljava/util/List;Ljava/io/File;Ljava/util/Collection;Ljava/io/File;Ljava/util/List;ZLjava/io/File;Ljava/io/File;Ljava/io/File;Ljava/io/File;Ljava/io/File;Ljava/io/File;Ljava/io/File;Ljava/util/List;Ljava/util/List;Ljava/io/File;Ljava/io/File;Ljava/lang/String;Lcom/android/build/gradle/options/SyncOptions$ErrorFormatMode;Ljava/io/File;Ljava/io/File;Ljava/io/File;Ljava/io/File;Lcom/android/builder/dexing/ResourceShrinkingConfig;Lcom/android/builder/dexing/PartialShrinkingConfig;)V+1349
j  com.android.build.gradle.internal.tasks.R8Task$R8Runnable.execute()V+1028
j  org.gradle.workers.internal.DefaultWorkerServer.execute(Lorg/gradle/workers/internal/SimpleActionExecutionSpec;)Lorg/gradle/workers/internal/DefaultWorkResult;+128
j  org.gradle.workers.internal.NoIsolationWorkerFactory$1$1.create()Lorg/gradle/workers/internal/DefaultWorkResult;+29
j  org.gradle.workers.internal.NoIsolationWorkerFactory$1$1.create()Ljava/lang/Object;+1
j  org.gradle.internal.classloader.ClassLoaderUtils.executeInClassloader(Ljava/lang/ClassLoader;Lorg/gradle/internal/Factory;)Ljava/lang/Object;+15
j  org.gradle.workers.internal.NoIsolationWorkerFactory$1.lambda$execute$0(Ljava/lang/ClassLoader;Lorg/gradle/workers/WorkerExecutor;Lorg/gradle/workers/internal/IsolatedParametersActionExecutionSpec;)Lorg/gradle/workers/internal/DefaultWorkResult;+10
j  org.gradle.workers.internal.NoIsolationWorkerFactory$1$$Lambda$2070+0x7a53ab70.execute(Lorg/gradle/workers/internal/IsolatedParametersActionExecutionSpec;)Lorg/gradle/workers/internal/DefaultWorkResult;+13
j  org.gradle.workers.internal.AbstractWorker$1.call(Lorg/gradle/internal/operations/BuildOperationContext;)Lorg/gradle/workers/internal/DefaultWorkResult;+8
j  org.gradle.workers.internal.AbstractWorker$1.call(Lorg/gradle/internal/operations/BuildOperationContext;)Ljava/lang/Object;+2
J 7783 c1 org.gradle.internal.operations.DefaultBuildOperationRunner$CallableBuildOperationWorker.execute(Lorg/gradle/internal/operations/BuildOperation;Lorg/gradle/internal/operations/BuildOperationContext;)V (10 bytes) @ 0x045739ac [0x04573930+0x0000007c]
J 7346 c1 org.gradle.internal.operations.DefaultBuildOperationRunner$2.execute(Lorg/gradle/internal/operations/BuildOperationDescriptor;Lorg/gradle/internal/operations/BuildOperationState;Lorg/gradle/internal/operations/BuildOperationState;Lorg/gradle/internal/operations/DefaultBuildOperationRunner$ReadableBuildOperationContext;Lorg/gradle/internal/operations/DefaultBuildOperationRunner$BuildOperationExecutionListener;)Lorg/gradle/internal/operations/BuildOperation; (110 bytes) @ 0x044d2fa0 [0x044d2f40+0x00000060]
J 8357 c1 org.gradle.internal.operations.DefaultBuildOperationRunner$2.execute(Lorg/gradle/internal/operations/BuildOperationDescriptor;Lorg/gradle/internal/operations/BuildOperationState;Lorg/gradle/internal/operations/BuildOperationState;Lorg/gradle/internal/operations/DefaultBuildOperationRunner$ReadableBuildOperationContext;Lorg/gradle/internal/operations/DefaultBuildOperationRunner$BuildOperationExecutionListener;)Ljava/lang/Object; (12 bytes) @ 0x0463aef0 [0x0463aea0+0x00000050]
J 8873 c1 org.gradle.internal.operations.DefaultBuildOperationRunner.execute(Lorg/gradle/internal/operations/BuildOperationDescriptor$Builder;Lorg/gradle/internal/operations/BuildOperationState;Lorg/gradle/internal/operations/DefaultBuildOperationRunner$BuildOperationExecution;)Ljava/lang/Object; (147 bytes) @ 0x046f97fc [0x046f93e0+0x0000041c]
J 7799 c1 org.gradle.internal.operations.DefaultBuildOperationRunner.call(Lorg/gradle/internal/operations/CallableBuildOperation;)Ljava/lang/Object; (24 bytes) @ 0x04578210 [0x04578090+0x00000180]
j  org.gradle.workers.internal.AbstractWorker.executeWrappedInBuildOperation(Lorg/gradle/workers/internal/IsolatedParametersActionExecutionSpec;Lorg/gradle/internal/operations/BuildOperationRef;Lorg/gradle/workers/internal/AbstractWorker$Work;)Lorg/gradle/workers/internal/DefaultWorkResult;+15
j  org.gradle.workers.internal.NoIsolationWorkerFactory$1.execute(Lorg/gradle/workers/internal/IsolatedParametersActionExecutionSpec;Lorg/gradle/internal/operations/BuildOperationRef;)Lorg/gradle/workers/internal/DefaultWorkResult;+17
j  org.gradle.workers.internal.DefaultWorkerExecutor.lambda$submitWork$0(Lorg/gradle/workers/internal/WorkerFactory;Lorg/gradle/workers/internal/WorkerRequirement;Lorg/gradle/workers/internal/IsolatedParametersActionExecutionSpec;Lorg/gradle/internal/operations/BuildOperationRef;)Lorg/gradle/workers/internal/DefaultWorkResult;+13
j  org.gradle.workers.internal.DefaultWorkerExecutor$$Lambda$2068+0x7a539048.call()Ljava/lang/Object;+16
J 7184 c1 java.util.concurrent.FutureTask.run()V java.base@17.0.11 (123 bytes) @ 0x044a1c90 [0x044a1b80+0x00000110]
j  org.gradle.internal.work.DefaultConditionalExecutionQueue$ExecutionRunner.runExecution(Lorg/gradle/internal/work/ConditionalExecution;)V+6
j  org.gradle.internal.work.DefaultConditionalExecutionQueue$ExecutionRunner.access$700(Lorg/gradle/internal/work/DefaultConditionalExecutionQueue$ExecutionRunner;Lorg/gradle/internal/work/ConditionalExecution;)V+2
j  org.gradle.internal.work.DefaultConditionalExecutionQueue$ExecutionRunner$1.run()V+14
j  org.gradle.internal.Factories$1.create()Ljava/lang/Object;+4
J 18128 c1 org.gradle.internal.work.DefaultWorkerLeaseService.withLocks(Ljava/util/Collection;Lorg/gradle/internal/Factory;)Ljava/lang/Object; (53 bytes) @ 0x052d11dc [0x052d10e0+0x000000fc]
J 17492 c1 org.gradle.internal.work.DefaultWorkerLeaseService.runAsWorkerThread(Lorg/gradle/internal/Factory;)Ljava/lang/Object; (37 bytes) @ 0x04ef5884 [0x04ef56f0+0x00000194]
j  org.gradle.internal.work.DefaultWorkerLeaseService.runAsWorkerThread(Ljava/lang/Runnable;)V+5
j  org.gradle.internal.work.DefaultConditionalExecutionQueue$ExecutionRunner.runBatch(Lorg/gradle/internal/work/ConditionalExecution;)V+16
j  org.gradle.internal.work.DefaultConditionalExecutionQueue$ExecutionRunner.run()V+11
J 14426 c1 java.util.concurrent.Executors$RunnableAdapter.call()Ljava/lang/Object; java.base@17.0.11 (14 bytes) @ 0x04df8490 [0x04df8460+0x00000030]
J 7184 c1 java.util.concurrent.FutureTask.run()V java.base@17.0.11 (123 bytes) @ 0x044a1c90 [0x044a1b80+0x00000110]
J 14057 c1 org.gradle.internal.concurrent.AbstractManagedExecutor$1.run()V (57 bytes) @ 0x04d79dd8 [0x04d79d50+0x00000088]
J 18860 c1 java.util.concurrent.ThreadPoolExecutor.runWorker(Ljava/util/concurrent/ThreadPoolExecutor$Worker;)V java.base@17.0.11 (187 bytes) @ 0x053c0840 [0x053c05f0+0x00000250]
J 18859 c1 java.util.concurrent.ThreadPoolExecutor$Worker.run()V java.base@17.0.11 (9 bytes) @ 0x053c1290 [0x053c1260+0x00000030]
J 18498 c1 java.lang.Thread.run()V java.base@17.0.11 (17 bytes) @ 0x05341658 [0x05341620+0x00000038]
v  ~StubRoutines::call_stub

Compiled method (n/a)  441846  785     n       java.lang.ClassLoader::defineClass1 (native)
 total in heap  [0x03bd6688,0x03bd6990] = 776
 relocation     [0x03bd676c,0x03bd6794] = 40
 main code      [0x03bd67a0,0x03bd6990] = 496

[Constant Pool (empty)]

[MachCode]
[Entry Point]
  # {method} {0x6601ba0c} 'defineClass1' '(Ljava/lang/ClassLoader;Ljava/lang/String;[BIILjava/security/ProtectionDomain;Ljava/lang/String;)Ljava/lang/Class;' in 'java/lang/ClassLoader'
  # parm0:    ecx       = 'java/lang/ClassLoader'
  # parm1:    edx       = 'java/lang/String'
  # parm2:    [sp+0x40]   = '[B'  (sp of caller)
  # parm3:    [sp+0x44]   = int
  # parm4:    [sp+0x48]   = int
  # parm5:    [sp+0x4c]   = 'java/security/ProtectionDomain'
  # parm6:    [sp+0x50]   = 'java/lang/String'
  0x03bd67a0: 3b41 040f | 8407 0000 

  0x03bd67a8: ;   {runtime_call ic_miss_stub}
  0x03bd67a8: 00e9 22a0 | edff 6690 
[Verified Entry Point]
  0x03bd67b0: 8984 2400 | c0ff ff55 | 8bec 83ec | 3864 8b3c | 2500 0000 | 008b 7ff4 | 894c 2424 | 33c0 83f9 
  0x03bd67d0: 000f 8404 | 0000 008d | 4424 2489 | 4424 0889 | 5424 2833 | c083 fa00 | 0f84 0400 | 0000 8d44 
  0x03bd67f0: 2428 8944 | 240c 33c0 | 817d 0800 | 0000 000f | 8403 0000 | 008d 4508 | 8944 2410 | 8b45 0c89 
  0x03bd6810: 4424 148b | 4510 8944 | 2418 33c0 | 817d 1400 | 0000 000f | 8403 0000 | 008d 4514 | 8944 241c 
  0x03bd6830: 33c0 817d | 1800 0000 | 000f 8403 | 0000 008d | 4518 8944 

  0x03bd6844: ;   {oop(a 'java/lang/Class'{0x25c61488} = 'java/lang/ClassLoader')}
  0x03bd6844: 2420 be88 | 14c6 2589 | 7424 2c8d | 7424 2c89 | 7424 04c5 

  0x03bd6858: ;   {internal_word}
  0x03bd6858: f877 c787 | f401 0000 | 5768 bd03 | 89a7 f001 

  0x03bd6868: ;   {external_word}
  0x03bd6868: 0000 803d | dc54 e068 | 000f 840f 

  0x03bd6874: ;   {metadata({method} {0x6601ba0c} 'defineClass1' '(Ljava/lang/ClassLoader;Ljava/lang/String;[BIILjava/security/ProtectionDomain;Ljava/lang/String;)Ljava/lang/Class;' in 'java/lang/ClassLoader')}
  0x03bd6874: 0000 00b8 | 08ba 0166 

  0x03bd687c: ;   {runtime_call}
  0x03bd687c: 5057 e89d | 8303 6583 | c408 8d97 | 0002 0000 | 8914 24c7 | 874c 0200 | 0004 0000 

  0x03bd6898: ;   {runtime_call}
  0x03bd6898: 00e8 c0ad | 7f6a c5f8 | 77c7 874c | 0200 0005 | 0000 00f0 | 8344 24c0 | 003b af50 | 0200 000f 
  0x03bd68b8: 8710 0000 | 0081 bf40 | 0200 0000 | 0000 000f | 8412 0000 | 00c5 f877 | 8945 fc57 

  0x03bd68d4: ;   {runtime_call}
  0x03bd68d4: e847 310d | 6583 c404 | 8b45 fcc7 | 874c 0200 | 0008 0000 | 0081 bf70 | 0200 0002 | 0000 000f 
  0x03bd68f4: 8478 0000 

  0x03bd68f8: ;   {external_word}
  0x03bd68f8: 0080 3ddc | 54e0 6800 | 0f84 1500 | 0000 8945 

  0x03bd6908: ;   {metadata({method} {0x6601ba0c} 'defineClass1' '(Ljava/lang/ClassLoader;Ljava/lang/String;[BIILjava/security/ProtectionDomain;Ljava/lang/String;)Ljava/lang/Class;' in 'java/lang/ClassLoader')}
  0x03bd6908: fcb8 08ba | 0166 5057 

  0x03bd6910: ;   {runtime_call}
  0x03bd6910: e80b 8303 | 6583 c408 | 8b45 fcc7 | 87f0 0100 | 0000 0000 | 00c7 87f4 | 0100 0000 | 0000 00c5 
  0x03bd6930: f877 85c0 | 0f84 1600 | 0000 f7c0 | 0100 0000 | 0f84 0800 | 0000 8b40 | ffe9 0200 | 0000 8b00 
  0x03bd6950: 8b8f b800 | 0000 c781 | 8000 0000 | 0000 0000 | 817f 0400 | 0000 000f | 8517 0000 | 008b e55d 
  0x03bd6970: c3c5 f877 

  0x03bd6974: ;   {runtime_call}
  0x03bd6974: 8945 fce8 | b4aa 0365 | 8b45 fce9 | 75ff ffff | 0f77 8be5 

  0x03bd6988: ;   {runtime_call StubRoutines (1)}
  0x03bd6988: 5de9 829f | e9ff f4f4 
[/MachCode]


Compiled method (c1)  441920 1203             java.lang.ClassLoader::defineClass (43 bytes)
 total in heap  [0x03c73d08,0x03c741f4] = 1260
 relocation     [0x03c73dec,0x03c73e4c] = 96
 main code      [0x03c73e50,0x03c73fc0] = 368
 stub code      [0x03c73fc0,0x03c74010] = 80
 metadata       [0x03c74010,0x03c74030] = 32
 scopes data    [0x03c74030,0x03c7411c] = 236
 scopes pcs     [0x03c7411c,0x03c741bc] = 160
 dependencies   [0x03c741bc,0x03c741d0] = 20
 nul chk table  [0x03c741d0,0x03c741f4] = 36

[Constant Pool (empty)]

[MachCode]
[Entry Point]
  # {method} {0x6601b85c} 'defineClass' '(Ljava/lang/String;[BIILjava/security/ProtectionDomain;)Ljava/lang/Class;' in 'java/lang/ClassLoader'
  # this:     ecx       = 'java/lang/ClassLoader'
  # parm0:    edx       = 'java/lang/String'
  # parm1:    [sp+0x70]   = '[B'  (sp of caller)
  # parm2:    [sp+0x74]   = int
  # parm3:    [sp+0x78]   = int
  # parm4:    [sp+0x7c]   = 'java/security/ProtectionDomain'
  0x03c73e50: 0f1f 8000 | 0000 003b 

  0x03c73e58: ;   {runtime_call ic_miss_stub}
  0x03c73e58: 4104 0f85 | 70c9 e3ff 
[Verified Entry Point]
  0x03c73e60: 8984 2400 | c0ff ff55 | 83ec 6889 | 4c24 4089 | 5424 448b | 7424 7c8b | fa8b d789 | 3424 8bd9 
  0x03c73e80: ;   {optimized virtual_call}
  0x03c73e80: 8bcb 90e8 

  0x03c73e84: ; ImmutableOopMap {[112]=Oop [68]=Oop [64]=Oop [124]=Oop }
              ;*invokevirtual preDefineClass {reexecute=0 rethrow=0 return_oop=0}
              ; - java.lang.ClassLoader::defineClass@4 (line 1015)
  0x03c73e84: 2822 edff | 8944 2448 

  0x03c73e8c: ; implicit exception: dispatches to 0x03c73f50
  0x03c73e8c: 8b70 0c83 | fe00 0f85 | 1000 0000 

  0x03c73e98: ;   {oop(NULL)}
  0x03c73e98: be00 0000 | 0089 7424 | 548b f0e9 | 3a00 0000 

  0x03c73ea8: ; implicit exception: dispatches to 0x03c73f55
  0x03c73ea8: 8b7e 0883 | ff00 0f85 | 1000 0000 

  0x03c73eb4: ;   {oop(NULL)}
  0x03c73eb4: be00 0000 | 0089 7424 | 548b f0e9 | 1e00 0000 | 8974 244c 

  0x03c73ec8: ; implicit exception: dispatches to 0x03c73f5a
  0x03c73ec8: 8b4f 343b | 018b d789 

  0x03c73ed0: ;   {optimized virtual_call}
  0x03c73ed0: 7c24 50e8 

  0x03c73ed4: ; ImmutableOopMap {[112]=Oop [68]=Oop [64]=Oop [72]=Oop [80]=Oop [76]=Oop }
              ;*invokevirtual toExternalForm {reexecute=0 rethrow=0 return_oop=0}
              ; - java.net.URL::toExternalForm@5 (line 1039)
              ; - java.net.URL::toString@1 (line 1025)
              ; - java.lang.ClassLoader::defineClassSourceLocation@22 (line 917)
              ; - java.lang.ClassLoader::defineClass@12 (line 1016)
  0x03c73ed4: a86f 0400 | 8bf0 8974 | 2454 8b74 | 2448 8b44 | 2478 8b5c | 2474 8b7c | 2470 8b4c | 2440 8b54 
  0x03c73ef4: 2444 893c | 2489 5c24 | 0489 4424 | 0889 7424 | 0c8b 7424 | 5489 7424 | 1089 7424 

  0x03c73f10: ;   {static_call}
  0x03c73f10: 5466 90e8 

  0x03c73f14: ; ImmutableOopMap {[64]=Oop [68]=Oop [112]=Oop [84]=Oop [72]=Oop }
              ;*invokestatic defineClass1 {reexecute=0 rethrow=0 return_oop=0}
              ; - java.lang.ClassLoader::defineClass@27 (line 1017)
  0x03c73f14: 9828 f6ff | 8bd0 8b74 | 2448 8934 | 248b 4c24 | 4089 4424 

  0x03c73f28: ;   {optimized virtual_call}
  0x03c73f28: 5866 90e8 

  0x03c73f2c: ; ImmutableOopMap {[64]=Oop [68]=Oop [112]=Oop [84]=Oop [88]=Oop [72]=Oop }
              ;*invokevirtual postDefineClass {reexecute=0 rethrow=0 return_oop=0}
              ; - java.lang.ClassLoader::defineClass@37 (line 1018)
  0x03c73f2c: b009 2801 | 8b44 2458 | 83c4 685d | 648b 1c25 | 0000 0000 

  0x03c73f40: ;   {poll_return}
  0x03c73f40: 8b5b f43b | a350 0200 | 000f 8715 | 0000 00c3 

  0x03c73f50: ;   {runtime_call throw_null_pointer_exception Runtime1 stub}
  0x03c73f50: e88b fae1 

  0x03c73f54: ; ImmutableOopMap {[112]=Oop [68]=Oop [64]=Oop eax=Oop [72]=Oop }
              ;*invokevirtual getCodeSource {reexecute=0 rethrow=0 return_oop=0}
              ; - java.lang.ClassLoader::defineClassSourceLocation@1 (line 914)
              ; - java.lang.ClassLoader::defineClass@12 (line 1016)
              ;   {runtime_call throw_null_pointer_exception Runtime1 stub}
  0x03c73f54: ffe8 86fa 

  0x03c73f58: ; ImmutableOopMap {[112]=Oop [68]=Oop [64]=Oop eax=Oop [72]=Oop esi=Oop }
              ;*invokevirtual getLocation {reexecute=0 rethrow=0 return_oop=0}
              ; - java.lang.ClassLoader::defineClassSourceLocation@12 (line 916)
              ; - java.lang.ClassLoader::defineClass@12 (line 1016)
              ;   {runtime_call throw_null_pointer_exception Runtime1 stub}
  0x03c73f58: e1ff e881 

  0x03c73f5c: ; ImmutableOopMap {[112]=Oop [68]=Oop [64]=Oop [72]=Oop [76]=Oop edi=Oop }
              ;*invokevirtual toString {reexecute=0 rethrow=0 return_oop=0}
              ; - java.lang.ClassLoader::defineClassSourceLocation@22 (line 917)
              ; - java.lang.ClassLoader::defineClass@12 (line 1016)
              ;   {runtime_call throw_null_pointer_exception Runtime1 stub}
  0x03c73f5c: fae1 ffe8 

  0x03c73f60: ; ImmutableOopMap {[112]=Oop [68]=Oop [64]=Oop [72]=Oop [76]=Oop edi=Oop ecx=Oop }
              ;*invokevirtual toExternalForm {reexecute=0 rethrow=0 return_oop=0}
              ; - java.net.URL::toExternalForm@5 (line 1039)
              ; - java.net.URL::toString@1 (line 1025)
              ; - java.lang.ClassLoader::defineClassSourceLocation@22 (line 917)
              ; - java.lang.ClassLoader::defineClass@12 (line 1016)
  0x03c73f60: 7cfa e1ff 

  0x03c73f64: ;   {internal_word}
  0x03c73f64: 5152 b943 | 3fc7 0364 | 8b14 2500 | 0000 008b | 52f4 898a | 5c02 0000 

  0x03c73f7c: ;   {runtime_call SafepointBlob}
  0x03c73f7c: 5a59 e91d | 19e4 ff90 | 9064 8b34 | 2500 0000 | 008b 76f4 | 8b86 8402 | 0000 c786 | 8402 0000 
  0x03c73f9c: 0000 0000 | c786 8802 | 0000 0000 | 0000 83c4 

  0x03c73fac: ;   {runtime_call unwind_exception Runtime1 stub}
  0x03c73fac: 685d e95d | 00e2 fff4 | f4f4 f4f4 | f4f4 f4f4 | f4f4 f4f4 
[Stub Code]
  0x03c73fc0: ;   {no_reloc}
  0x03c73fc0: 6690 bbd8 

  0x03c73fc4: ;   {runtime_call I2C/C2I adapters}
  0x03c73fc4: b501 66e9 | 971d e4ff 

  0x03c73fcc: ;   {static_stub}
  0x03c73fcc: 6690 bb38 

  0x03c73fd0: ;   {runtime_call I2C/C2I adapters}
  0x03c73fd0: 2724 66e9 | c1c0 e3ff 

  0x03c73fd8: ;   {static_stub}
  0x03c73fd8: 6690 bb00 

  0x03c73fdc: ;   {runtime_call}
  0x03c73fdc: 0000 00e9 | fbff ffff 

  0x03c73fe4: ;   {static_stub}
  0x03c73fe4: 6690 bb58 

  0x03c73fe8: ;   {runtime_call I2C/C2I adapters}
  0x03c73fe8: b701 66e9 | 731d e4ff 
[Exception Handler]
  0x03c73ff0: ;   {runtime_call handle_exception_from_callee Runtime1 stub}
  0x03c73ff0: e81b ede1 

  0x03c73ff4: ;   {external_word}
  0x03c73ff4: ff68 30b7 | d068 e800 | 0000 0060 

  0x03c74000: ;   {runtime_call}
  0x03c74000: e85b 4fef 

  0x03c74004: ;   {section_word}
  0x03c74004: 64f4 6806 

  0x03c74008: ;   {runtime_call DeoptimizationBlob}
  0x03c74008: 40c7 03e9 | 3012 e4ff 
[/MachCode]


Compiled method (c1)  441941 3263   !         java.net.URLClassLoader::defineClass (224 bytes)
 total in heap  [0x03f2dbc8,0x03f2f940] = 7544
 relocation     [0x03f2dcac,0x03f2decc] = 544
 main code      [0x03f2ded0,0x03f2ebd0] = 3328
 stub code      [0x03f2ebd0,0x03f2ed58] = 392
 oops           [0x03f2ed58,0x03f2ed60] = 8
 metadata       [0x03f2ed60,0x03f2eddc] = 124
 scopes data    [0x03f2eddc,0x03f2f3f4] = 1560
 scopes pcs     [0x03f2f3f4,0x03f2f764] = 880
 dependencies   [0x03f2f764,0x03f2f7b4] = 80
 handler table  [0x03f2f7b4,0x03f2f8ec] = 312
 nul chk table  [0x03f2f8ec,0x03f2f940] = 84

[Constant Pool (empty)]

[MachCode]
[Entry Point]
  # {method} {0x665568a4} 'defineClass' '(Ljava/lang/String;Ljdk/internal/loader/Resource;)Ljava/lang/Class;' in 'java/net/URLClassLoader'
  # this:     ecx       = 'java/net/URLClassLoader'
  # parm0:    edx       = 'java/lang/String'
  # parm1:    [sp+0x110]   = 'jdk/internal/loader/Resource'  (sp of caller)
  0x03f2ded0: 0f1f 8000 | 0000 003b 

  0x03f2ded8: ;   {runtime_call ic_miss_stub}
  0x03f2ded8: 4104 0f85 | f028 b8ff 
[Verified Entry Point]
  0x03f2dee0: 8984 2400 | c0ff ff55 | 81ec 0801 | 0000 894c | 246c 8954 

  0x03f2def4: ;   {runtime_call}
  0x03f2def4: 2468 e815 | ccca 6489 | 4424 7889 | 5424 7c8b | 7424 688b | 7e10 8b5f | 080f be4e | 0c89 7c24 
  0x03f2df14: 708b f9c1 | e718 c1ff | 188b c18b | cfd3 fb4b | 895c 2474 | 83f8 00b9 | 0000 0000 | 0f85 0500 
  0x03f2df34: 0000 b901 | 0000 0083 | e101 83f9 | 000f 8416 | 0000 008b | 4c24 70ba | 2e00 0000 

  0x03f2df50: ;   {static_call}
  0x03f2df50: 891c 24e8 

  0x03f2df54: ; ImmutableOopMap {[272]=Oop [108]=Oop [104]=Oop }
              ;*invokestatic lastIndexOf {reexecute=0 rethrow=0 return_oop=0}
              ; - java.lang.String::lastIndexOf@13 (line 2489)
              ; - java.lang.String::lastIndexOf@8 (line 2451)
              ; - java.net.URLClassLoader::defineClass@7 (line 486)
  0x03f2df54: 5860 2300 | e913 0000 | 008b 7c24 | 708b cfba | 2e00 0000 

  0x03f2df68: ;   {static_call}
  0x03f2df68: 891c 24e8 

  0x03f2df6c: ; ImmutableOopMap {[272]=Oop [108]=Oop [104]=Oop }
              ;*invokestatic lastIndexOf {reexecute=0 rethrow=0 return_oop=0}
              ; - java.lang.String::lastIndexOf@25 (line 2490)
              ; - java.lang.String::lastIndexOf@8 (line 2451)
              ; - java.net.URLClassLoader::defineClass@7 (line 486)
  0x03f2df6c: 202f b8ff | 8984 2480 | 0000 008b | b424 1001 | 0000 8bce | 6690 b8ff 

  0x03f2df84: ;   {virtual_call}
  0x03f2df84: ffff ffe8 

  0x03f2df88: ; ImmutableOopMap {[108]=Oop [104]=Oop [272]=Oop }
              ;*invokevirtual getCodeSourceURL {reexecute=0 rethrow=0 return_oop=0}
              ; - java.net.URLClassLoader::defineClass@13 (line 487)
  0x03f2df88: fc71 ecff | 8984 2484 | 0000 008b | b424 8000 | 0000 83fe | ff0f 850c | 0000 0089 | b424 8000 
  0x03f2dfa8: 0000 e93e | 0100 00ba | 0000 0000 | 8934 248b | 4c24 6889 | b424 8000 

  0x03f2dfc0: ;   {optimized virtual_call}
  0x03f2dfc0: 0000 90e8 

  0x03f2dfc4: ; ImmutableOopMap {[108]=Oop [104]=Oop [272]=Oop [132]=Oop }
              ;*invokevirtual substring {reexecute=0 rethrow=0 return_oop=0}
              ; - java.net.URLClassLoader::defineClass@28 (line 489)
  0x03f2dfc4: 1808 6c00 | 8984 2488 | 0000 008b | 8c24 1001 | 0000 b888 

  0x03f2dfd8: ;   {virtual_call}
  0x03f2dfd8: 5e50 66e8 

  0x03f2dfdc: ; ImmutableOopMap {[108]=Oop [104]=Oop [272]=Oop [132]=Oop [136]=Oop }
              ;*invokevirtual getManifest {reexecute=0 rethrow=0 return_oop=0}
              ; - java.net.URLClassLoader::defineClass@34 (line 491)
  0x03f2dfdc: d01c 6300 | 8984 248c | 0000 008b | 9424 8800 | 0000 8904 | 248b b424 | 8400 0000 | 8974 2404 
  0x03f2dffc: 8b4c 246c 

  0x03f2e000: ;   {optimized virtual_call}
  0x03f2e000: 6666 90e8 

  0x03f2e004: ; ImmutableOopMap {[108]=Oop [104]=Oop [272]=Oop [136]=Oop [132]=Oop [140]=Oop }
              ;*invokevirtual getAndVerifyPackage {reexecute=0 rethrow=0 return_oop=0}
              ; - java.net.URLClassLoader::defineClass@46 (line 492)
  0x03f2e004: 5858 6300 | 83f8 000f | 85dc 0000 | 008b 8424 | 8c00 0000 | 83f8 000f | 8424 0000 | 008b b424 
  0x03f2e024: 8400 0000 | 8b94 2488 | 0000 0089 | 0424 8974 | 2404 8b4c 

  0x03f2e038: ;   {optimized virtual_call}
  0x03f2e038: 246c 90e8 

  0x03f2e03c: ; ImmutableOopMap {[108]=Oop [104]=Oop [272]=Oop [136]=Oop [132]=Oop [140]=Oop }
              ;*invokevirtual definePackage {reexecute=0 rethrow=0 return_oop=0}
              ; - java.net.URLClassLoader::defineClass@64 (line 495)
  0x03f2e03c: da0b 0000 | e9a8 0000 | 008b 9424 | 8800 0000 | c704 2400 | 0000 00c7 | 4424 0400 | 0000 00c7 
  0x03f2e05c: 4424 0800 | 0000 00c7 | 4424 0c00 | 0000 00c7 | 4424 1000 | 0000 00c7 | 4424 1400 | 0000 00c7 
  0x03f2e07c: 4424 1800 | 0000 008b 

  0x03f2e084: ;   {optimized virtual_call}
  0x03f2e084: 4c24 6ce8 

  0x03f2e088: ; ImmutableOopMap {[108]=Oop [104]=Oop [272]=Oop [136]=Oop [132]=Oop [140]=Oop }
              ;*invokevirtual definePackage {reexecute=0 rethrow=0 return_oop=0}
              ; - java.net.URLClassLoader::defineClass@81 (line 497)
  0x03f2e088: 8429 b8ff | e95c 0000 | 008b 8424 | 8c00 0000 | 8bb4 2484 | 0000 0064 | 8b14 2500 | 0000 008b 
  0x03f2e0a8: 52f4 8bf8 | 8b82 8402 | 0000 c782 | 8402 0000 | 0000 0000 | c782 8802 | 0000 0000 | 0000 8984 
  0x03f2e0c8: 2490 0000 | 008b 9424 | 8800 0000 | 893c 2489 | 7424 048b 

  0x03f2e0dc: ;   {optimized virtual_call}
  0x03f2e0dc: 4c24 6ce8 

  0x03f2e0e0: ; ImmutableOopMap {[108]=Oop [104]=Oop [272]=Oop [136]=Oop [132]=Oop [140]=Oop [144]=Oop }
              ;*invokevirtual getAndVerifyPackage {reexecute=0 rethrow=0 return_oop=0}
              ; - java.net.URLClassLoader::defineClass@97 (line 502)
  0x03f2e0e0: 2c29 b8ff | 83f8 000f | 844d 0100 | 008b b424 | 1001 0000 | 8d8c 24f0 | 0000 0089 | 7104 8b06 
  0x03f2e100: 83c8 0189 | 01f0 0fb1 | 0e0f 8410 | 0000 002b | c481 e003 | f0ff ff89 | 010f 8599 | 0800 008b 
  0x03f2e120: 4e08 83f9 | 000f 8523 | 0000 008b | ce90 b8ff 

  0x03f2e130: ;   {virtual_call}
  0x03f2e130: ffff ffe8 

  0x03f2e134: ; ImmutableOopMap {[108]=Oop [104]=Oop [132]=Oop [272]=Oop [244]=Oop }
              ;*invokevirtual getInputStream {reexecute=0 rethrow=0 return_oop=0}
              ; - jdk.internal.loader.Resource::cachedInputStream@9 (line 77)
              ; - jdk.internal.loader.Resource::getByteBuffer@1 (line 163)
              ; - java.net.URLClassLoader::defineClass@132 (line 511)
  0x03f2e134: f81d b6ff | 8bb4 2410 | 0100 0089 | 4608 8bc6 | c1e8 09c6 | 8000 2036 | 0300 8b7e | 088d 8424 
  0x03f2e154: f000 0000 | 8b08 85c9 | 0f84 0d00 | 0000 8b58 | 04f0 0fb1 | 0b0f 855a | 0800 0083 | ff00 0f84 
  0x03f2e174: 3700 0000 

  0x03f2e178: ;   {metadata('sun/nio/ByteBuffered')}
  0x03f2e178: 8b5f 0481 | 7b18 4097 | 5066 0f84 | 2b00 0000 

  0x03f2e188: ;   {metadata('sun/nio/ByteBuffered')}
  0x03f2e188: 81fb 4097 | 5066 0f84 | 1f00 0000 

  0x03f2e194: ;   {metadata('sun/nio/ByteBuffered')}
  0x03f2e194: 5368 4097 

  0x03f2e198: ;   {runtime_call slow_subtype_check Runtime1 stub}
  0x03f2e198: 5066 e8f1 | 46b6 ff5b | 5b83 fb00 | 0f84 0500 | 0000 e904 | 0000 0033 | c9eb 05b9 | 0100 0000 
  0x03f2e1b8: 83f9 000f | 8458 0000 | 0083 ff00 | 0f84 3700 | 0000 8b5f 

  0x03f2e1cc: ;   {metadata('sun/nio/ByteBuffered')}
  0x03f2e1cc: 0481 7b18 | 4097 5066 | 0f84 2700 

  0x03f2e1d8: ;   {metadata('sun/nio/ByteBuffered')}
  0x03f2e1d8: 0000 81fb | 4097 5066 | 0f84 1b00 

  0x03f2e1e4: ;   {metadata('sun/nio/ByteBuffered')}
  0x03f2e1e4: 0000 5368 | 4097 5066 

  0x03f2e1ec: ;   {runtime_call slow_subtype_check Runtime1 stub}
  0x03f2e1ec: e89f 46b6 | ff5b 5b83 | fb00 0f84 | e107 0000 | e900 0000 | 008b cf89 | bc24 9400 | 0000 b8ff 
  0x03f2e20c: ;   {virtual_call}
  0x03f2e20c: ffff ffe8 

  0x03f2e210: ; ImmutableOopMap {[108]=Oop [104]=Oop [132]=Oop [272]=Oop [148]=Oop }
              ;*invokeinterface getByteBuffer {reexecute=0 rethrow=0 return_oop=0}
              ; - jdk.internal.loader.Resource::getByteBuffer@16 (line 165)
              ; - java.net.URLClassLoader::defineClass@132 (line 511)
  0x03f2e210: 3c2a b8ff | e905 0000 

  0x03f2e218: ;   {oop(NULL)}
  0x03f2e218: 00b8 0000 | 0000 83f8 | 0089 8424 | ac00 0000 | 8b8c 2410 | 0100 000f | 8486 0300 | 00e9 a701 
  0x03f2e238: ;   {metadata('java/lang/AssertionError')}
  0x03f2e238: 0000 ba58 | 9655 6680 | bac3 0000 | 0004 0f85 | 9e07 0000 | 648b 0c25 | 0000 0000 | 8b49 f48b 
  0x03f2e258: 81d0 0000 | 008d 7820 | 3bb9 d800 | 0000 0f87 | 7e07 0000 | 89b9 d000 | 0000 c700 | 0100 0000 
  0x03f2e278: 8950 0433 | c9bf 0300 | 0000 894c | f804 890c | f84f 75f6 | 8984 249c 

  0x03f2e290: ;   {metadata('java/lang/StringBuilder')}
  0x03f2e290: 0000 00ba | 580c 0966 | 648b 0c25 | 0000 0000 | 8b49 f48b | 81d0 0000 | 008d 7818 | 3bb9 d800 
  0x03f2e2b0: 0000 0f87 | 3e07 0000 | 89b9 d000 | 0000 c700 | 0100 0000 | 8950 0433 | c989 4808 | 8948 0c89 
  0x03f2e2d0: 4810 8948 | 1489 8424 | 9800 0000 | ba10 0000 

  0x03f2e2e0: ;   {optimized virtual_call}
  0x03f2e2e0: 008b c8e8 

  0x03f2e2e4: ; ImmutableOopMap {[108]=Oop [104]=Oop [132]=Oop [272]=Oop [136]=Oop [140]=Oop [144]=Oop [152]=Oop [156]=Oop }
              ;*invokespecial <init> {reexecute=0 rethrow=0 return_oop=0}
              ; - java.lang.StringBuilder::<init>@3 (line 106)
              ; - java.net.URLClassLoader::defineClass@111 (line 504)
  0x03f2e2e4: 2827 b8ff 

  0x03f2e2e8: ;   {oop("Cannot find package "{0x26499588})}
  0x03f2e2e8: ba88 9549 | 268b 8c24 | 9800 0000 

  0x03f2e2f4: ;   {optimized virtual_call}
  0x03f2e2f4: 6666 90e8 

  0x03f2e2f8: ; ImmutableOopMap {[108]=Oop [104]=Oop [132]=Oop [272]=Oop [136]=Oop [140]=Oop [144]=Oop [152]=Oop [156]=Oop }
              ;*invokespecial append {reexecute=0 rethrow=0 return_oop=0}
              ; - java.lang.StringBuilder::append@2 (line 179)
              ; - java.net.URLClassLoader::defineClass@116 (line 504)
  0x03f2e2f8: 1427 b8ff | 8b94 2488 | 0000 008b | 8c24 9800 

  0x03f2e308: ;   {optimized virtual_call}
  0x03f2e308: 0000 90e8 

  0x03f2e30c: ; ImmutableOopMap {[108]=Oop [104]=Oop [132]=Oop [272]=Oop [136]=Oop [140]=Oop [144]=Oop [152]=Oop [156]=Oop }
              ;*invokespecial append {reexecute=0 rethrow=0 return_oop=0}
              ; - java.lang.StringBuilder::append@2 (line 179)
              ; - java.net.URLClassLoader::defineClass@121 (line 504)
  0x03f2e30c: 0027 b8ff | 8b84 2498 | 0000 000f | be50 0c83 | fa00 ba00 | 0000 000f | 8505 0000 | 00ba 0100 
  0x03f2e32c: 0000 83e2 | 0183 fa00 | 0f84 9104 | 0000 8b58 | 108b 7008 | 89b4 24a0 | 0000 0083 | fe00 0f85 
  0x03f2e34c: 0a00 0000 

  0x03f2e350: ;   {oop(""{0x25c61918})}
  0x03f2e350: be18 19c6 | 25e9 8804 

  0x03f2e358: ;   {metadata('java/lang/String')}
  0x03f2e358: 0000 ba18 | d100 6664 | 8b0c 2500 | 0000 008b | 49f4 8b81 | d000 0000 | 8d78 183b | b9d8 0000 
  0x03f2e378: 000f 8783 | 0600 0089 | b9d0 0000 | 00c7 0001 | 0000 0089 | 5004 33c9 | 8948 0889 | 480c 8948 
  0x03f2e398: 1089 4814 | 8bcb ba00 | 0000 008b | b424 a000 | 0000 8934 | 2489 9c24 | a800 0000 | 8984 24a4 
  0x03f2e3b8: ;   {static_call}
  0x03f2e3b8: 0000 00e8 

  0x03f2e3bc: ; ImmutableOopMap {[108]=Oop [104]=Oop [132]=Oop [272]=Oop [136]=Oop [140]=Oop [144]=Oop [156]=Oop [152]=Oop [164]=Oop [168]=Oop }
              ;*invokestatic copyOfRange {reexecute=0 rethrow=0 return_oop=0}
              ; - java.lang.StringLatin1::newString@16 (line 769)
              ; - java.lang.StringBuilder::toString@16 (line 453)
              ; - java.net.URLClassLoader::defineClass@124 (line 504)
  0x03f2e3bc: d02a b8ff | 8b8c 24a4 | 0000 0089 | 4110 8bc1 | c1e8 09c6 | 8000 2036 | 0300 c641 | 0c00 8bf1 
  0x03f2e3dc: e901 0400 | 0090 b8ff 

  0x03f2e3e4: ;   {virtual_call}
  0x03f2e3e4: ffff ffe8 

  0x03f2e3e8: ; ImmutableOopMap {[108]=Oop [104]=Oop [132]=Oop [272]=Oop [172]=Oop }
              ;*invokevirtual getCodeSigners {reexecute=0 rethrow=0 return_oop=0}
              ; - java.net.URLClassLoader::defineClass@143 (line 514)
  0x03f2e3e8: 6428 b8ff | 8984 24b4 

  0x03f2e3f0: ;   {metadata('java/security/CodeSource')}
  0x03f2e3f0: 0000 00ba | 705e 0b66 | 8bd8 648b | 0c25 0000 | 0000 8b49 | f48b 81d0 | 0000 008d | 7820 3bb9 
  0x03f2e410: d800 0000 | 0f87 f405 | 0000 89b9 | d000 0000 | c700 0100 | 0000 8950 | 0433 c9bf | 0300 0000 
  0x03f2e430: 894c f804 | 890c f84f | 75f6 8984 | 24b0 0000 | 008b 9424 | 8400 0000 | 891c 248b 

  0x03f2e44c: ;   {optimized virtual_call}
  0x03f2e44c: c866 90e8 

  0x03f2e450: ; ImmutableOopMap {[108]=Oop [104]=Oop [132]=Oop [272]=Oop [172]=Oop [176]=Oop [180]=Oop }
              ;*invokespecial <init> {reexecute=0 rethrow=0 return_oop=0}
              ; - java.net.URLClassLoader::defineClass@156 (line 515)
  0x03f2e450: bc25 b8ff 

  0x03f2e454: ;   {runtime_call}
  0x03f2e454: e8b7 c6ca | 648b 7424 | 788b 7c24 | 7c2b c61b | d789 8424 | b800 0000 | 8994 24bc 

  0x03f2e470: ;   {oop(a 'jdk/internal/perf/PerfCounter'{0x25c70df0})}
  0x03f2e470: 0000 00bb | f00d c725 | 8d8c 24f0 | 0000 0089 | 5904 8b03 | 83c8 0189 | 01f0 0fb1 | 0b0f 8410 
  0x03f2e490: 0000 002b | c481 e003 | f0ff ff89 | 010f 857c | 0500 008d | 9424 f800 | 0000 895a | 048b 0383 
  0x03f2e4b0: c801 8902 | f00f b113 | 0f84 1000 | 0000 2bc4 | 81e0 03f0 | ffff 8902 | 0f85 6205 | 0000 8b4b 
  0x03f2e4d0: 0c3b 01ba | 0000 0000 | 899c 24c0 

  0x03f2e4dc: ;   {optimized virtual_call}
  0x03f2e4dc: 0000 00e8 

  0x03f2e4e0: ; ImmutableOopMap {[108]=Oop [104]=Oop [132]=Oop [272]=Oop [172]=Oop [176]=Oop [180]=Oop [192]=Oop [244]=Oop [252]=Oop }
              ;*invokevirtual get {reexecute=0 rethrow=0 return_oop=0}
              ; - jdk.internal.perf.PerfCounter::get@5 (line 84)
              ; - jdk.internal.perf.PerfCounter::add@1 (line 98)
              ; - jdk.internal.perf.PerfCounter::addElapsedTimeFrom@6 (line 120)
              ; - java.net.URLClassLoader::defineClass@165 (line 516)
  0x03f2e4e0: 2c25 b8ff | 8bca 8bd0 | 8d84 24f8 | 0000 008b | 3085 f60f | 840d 0000 | 008b 7804 | f00f b137 
  0x03f2e500: 0f85 4005 | 0000 8b9c | 24c0 0000 | 008b 730c | 8bbc 24b8 | 0000 008b | 8424 bc00 | 0000 03d7 
  0x03f2e520: 13c8 3b06 | 8bda ba00 | 0000 0089 | 1c24 894c | 2404 899c | 24c8 0000 | 0089 8c24 | cc00 0000 
  0x03f2e540: ;   {optimized virtual_call}
  0x03f2e540: 8bce 90e8 

  0x03f2e544: ; ImmutableOopMap {[108]=Oop [104]=Oop [132]=Oop [272]=Oop [172]=Oop [176]=Oop [180]=Oop [244]=Oop }
              ;*invokevirtual put {reexecute=0 rethrow=0 return_oop=0}
              ; - jdk.internal.perf.PerfCounter::add@13 (line 99)
              ; - jdk.internal.perf.PerfCounter::addElapsedTimeFrom@6 (line 120)
              ; - java.net.URLClassLoader::defineClass@165 (line 516)
  0x03f2e544: c824 b8ff | 8d84 24f0 | 0000 008b | 1085 d20f | 840d 0000 | 008b 4804 | f00f b111 | 0f85 f904 
  0x03f2e564: 0000 8b94 | 24b0 0000 | 008b 4c24 

  0x03f2e570: ;   {optimized virtual_call}
  0x03f2e570: 6c66 90e8 

  0x03f2e574: ; ImmutableOopMap {[108]=Oop [104]=Oop [132]=Oop [272]=Oop [172]=Oop [176]=Oop [180]=Oop }
              ;*invokevirtual getProtectionDomain {reexecute=0 rethrow=0 return_oop=0}
              ; - java.security.SecureClassLoader::defineClass@5 (line 182)
              ; - java.net.URLClassLoader::defineClass@174 (line 517)
  0x03f2e574: 9824 b8ff | 8b54 2468 | 8bb4 24ac | 0000 0089 | 3424 8944 | 2404 8b4c | 246c 89b4 | 24ac 0000 
  0x03f2e594: ;   {optimized virtual_call}
  0x03f2e594: 0066 90e8 

  0x03f2e598: ; ImmutableOopMap {[108]=Oop [104]=Oop [132]=Oop [272]=Oop [176]=Oop [180]=Oop [172]=Oop }
              ;*invokevirtual defineClass {reexecute=0 rethrow=0 return_oop=0}
              ; - java.security.SecureClassLoader::defineClass@8 (line 182)
              ; - java.net.URLClassLoader::defineClass@174 (line 517)
  0x03f2e598: 7424 b8ff | 81c4 0801 | 0000 5d64 | 8b1c 2500 | 0000 008b 

  0x03f2e5ac: ;   {poll_return}
  0x03f2e5ac: 5bf4 3ba3 | 5002 0000 | 0f87 b904 | 0000 c366 | 6690 b8ff 

  0x03f2e5c0: ;   {virtual_call}
  0x03f2e5c0: ffff ffe8 

  0x03f2e5c4: ; ImmutableOopMap {[108]=Oop [104]=Oop [132]=Oop [272]=Oop [172]=Oop }
              ;*invokevirtual getBytes {reexecute=0 rethrow=0 return_oop=0}
              ; - java.net.URLClassLoader::defineClass@179 (line 519)
  0x03f2e5c4: 1c1a b6ff | 8984 24c4 | 0000 008b | 8c24 1001 | 0000 b8ff 

  0x03f2e5d8: ;   {virtual_call}
  0x03f2e5d8: ffff ffe8 

  0x03f2e5dc: ; ImmutableOopMap {[108]=Oop [104]=Oop [132]=Oop [272]=Oop [172]=Oop [196]=Oop }
              ;*invokevirtual getCodeSigners {reexecute=0 rethrow=0 return_oop=0}
              ; - java.net.URLClassLoader::defineClass@185 (line 521)
  0x03f2e5dc: 1c1a b6ff 

  0x03f2e5e0: ;   {metadata('java/security/CodeSource')}
  0x03f2e5e0: ba70 5e0b | 668b d864 | 8b0c 2500 | 0000 008b | 49f4 8b81 | d000 0000 | 8d78 203b | b9d8 0000 
  0x03f2e600: 000f 878b | 0400 0089 | b9d0 0000 | 00c7 0001 | 0000 0089 | 5004 33c9 | bf03 0000 | 0089 4cf8 
  0x03f2e620: 0489 0cf8 | 4f75 f689 | 8424 d000 | 0000 8b94 | 2484 0000 | 0089 1c24 | 8bc8 899c | 24d4 0000 
  0x03f2e640: ;   {optimized virtual_call}
  0x03f2e640: 0066 90e8 

  0x03f2e644: ; ImmutableOopMap {[108]=Oop [104]=Oop [132]=Oop [272]=Oop [172]=Oop [196]=Oop [208]=Oop [212]=Oop }
              ;*invokespecial <init> {reexecute=0 rethrow=0 return_oop=0}
              ; - java.net.URLClassLoader::defineClass@198 (line 522)
  0x03f2e644: f875 c1ff 

  0x03f2e648: ;   {runtime_call}
  0x03f2e648: e8c3 c4ca | 648b 7424 | 788b 7c24 | 7c2b c61b | d789 8424 | d800 0000 | 8994 24dc 

  0x03f2e664: ;   {oop(a 'jdk/internal/perf/PerfCounter'{0x25c70df0})}
  0x03f2e664: 0000 00bb | f00d c725 | 8d8c 24f0 | 0000 0089 | 5904 8b03 | 83c8 0189 | 01f0 0fb1 | 0b0f 8410 
  0x03f2e684: 0000 002b | c481 e003 | f0ff ff89 | 010f 850c | 0400 008d | 9424 f800 | 0000 895a | 048b 0383 
  0x03f2e6a4: c801 8902 | f00f b113 | 0f84 1000 | 0000 2bc4 | 81e0 03f0 | ffff 8902 | 0f85 f203 | 0000 8b4b 
  0x03f2e6c4: 0c3b 01ba | 0000 0000 | 899c 24e0 

  0x03f2e6d0: ;   {optimized virtual_call}
  0x03f2e6d0: 0000 00e8 

  0x03f2e6d4: ; ImmutableOopMap {[108]=Oop [104]=Oop [132]=Oop [272]=Oop [172]=Oop [196]=Oop [208]=Oop [212]=Oop [224]=Oop [244]=Oop [252]=Oop }
              ;*invokevirtual get {reexecute=0 rethrow=0 return_oop=0}
              ; - jdk.internal.perf.PerfCounter::get@5 (line 84)
              ; - jdk.internal.perf.PerfCounter::add@1 (line 98)
              ; - jdk.internal.perf.PerfCounter::addElapsedTimeFrom@6 (line 120)
              ; - java.net.URLClassLoader::defineClass@207 (line 523)
  0x03f2e6d4: d87a 7400 | 8bca 8bd0 | 8d84 24f8 | 0000 008b | 3085 f60f | 840d 0000 | 008b 7804 | f00f b137 
  0x03f2e6f4: 0f85 d003 | 0000 8b9c | 24e0 0000 | 008b 730c | 8bbc 24d8 | 0000 008b | 8424 dc00 | 0000 03d7 
  0x03f2e714: 13c8 3b06 | 8bda ba00 | 0000 0089 | 1c24 894c | 2404 899c | 24e8 0000 | 0089 8c24 | ec00 0000 
  0x03f2e734: ;   {optimized virtual_call}
  0x03f2e734: 8bce 90e8 

  0x03f2e738: ; ImmutableOopMap {[108]=Oop [104]=Oop [132]=Oop [272]=Oop [172]=Oop [196]=Oop [208]=Oop [212]=Oop [244]=Oop }
              ;*invokevirtual put {reexecute=0 rethrow=0 return_oop=0}
              ; - jdk.internal.perf.PerfCounter::add@13 (line 99)
              ; - jdk.internal.perf.PerfCounter::addElapsedTimeFrom@6 (line 120)
              ; - java.net.URLClassLoader::defineClass@207 (line 523)
  0x03f2e738: 34ae e400 | 8d84 24f0 | 0000 008b | 1085 d20f | 840d 0000 | 008b 4804 | f00f b111 | 0f85 8903 
  0x03f2e758: 0000 8b84 | 24c4 0000 | 008b 7008 | 89b4 24e4 | 0000 008b | 9424 d000 | 0000 8b4c 

  0x03f2e774: ;   {optimized virtual_call}
  0x03f2e774: 246c 90e8 

  0x03f2e778: ; ImmutableOopMap {[108]=Oop [104]=Oop [132]=Oop [272]=Oop [172]=Oop [208]=Oop [212]=Oop [196]=Oop }
              ;*invokevirtual getProtectionDomain {reexecute=0 rethrow=0 return_oop=0}
              ; - java.security.SecureClassLoader::defineClass@9 (line 150)
              ; - java.net.URLClassLoader::defineClass@220 (line 524)
  0x03f2e778: 5470 c1ff | 8b54 2468 | 8bb4 24c4 | 0000 0089 | 3424 c744 | 2404 0000 | 0000 8bbc | 24e4 0000 
  0x03f2e798: 0089 7c24 | 0889 4424 | 0c8b 4c24 

  0x03f2e7a4: ;   {optimized virtual_call}
  0x03f2e7a4: 6c66 90e8 

  0x03f2e7a8: ; ImmutableOopMap {[108]=Oop [104]=Oop [132]=Oop [272]=Oop [172]=Oop [208]=Oop [212]=Oop [196]=Oop }
              ;*invokevirtual defineClass {reexecute=0 rethrow=0 return_oop=0}
              ; - java.security.SecureClassLoader::defineClass@12 (line 150)
              ; - java.net.URLClassLoader::defineClass@220 (line 524)
  0x03f2e7a8: b456 d4ff | 81c4 0801 | 0000 5d64 | 8b1c 2500 | 0000 008b 

  0x03f2e7bc: ;   {poll_return}
  0x03f2e7bc: 5bf4 3ba3 | 5002 0000 | 0f87 3203 | 0000 c38b | 4810 8b70 | 08ba 0000 | 0000 8934 

  0x03f2e7d8: ;   {static_call}
  0x03f2e7d8: 2466 90e8 

  0x03f2e7dc: ; ImmutableOopMap {[108]=Oop [104]=Oop [132]=Oop [272]=Oop [136]=Oop [140]=Oop [144]=Oop [156]=Oop [152]=Oop }
              ;*invokestatic newString {reexecute=0 rethrow=0 return_oop=0}
              ; - java.lang.StringBuilder::toString@31 (line 454)
              ; - java.net.URLClassLoader::defineClass@124 (line 504)
  0x03f2e7dc: b026 b8ff | 8bf0 8b84 | 249c 0000 | 008b d68b 

  0x03f2e7ec: ;   {optimized virtual_call}
  0x03f2e7ec: c866 90e8 

  0x03f2e7f0: ; ImmutableOopMap {[108]=Oop [104]=Oop [132]=Oop [272]=Oop [156]=Oop [144]=Oop [140]=Oop [136]=Oop }
              ;*invokespecial <init> {reexecute=0 rethrow=0 return_oop=0}
              ; - java.net.URLClassLoader::defineClass@127 (line 504)
  0x03f2e7f0: 1c22 b8ff | 8b84 249c | 0000 00e9 | be03 0000 | 648b 1425 | 0000 0000 | 8b52 f48b | 8284 0200 
  0x03f2e810: 00c7 8284 | 0200 0000 | 0000 00c7 | 8288 0200 | 0000 0000 

  0x03f2e824: ;   {oop(a 'jdk/internal/perf/PerfCounter'{0x25c70df0})}
  0x03f2e824: 008b d0b8 | f00d c725 | 8d84 24f8 | 0000 008b | 3085 f60f | 840d 0000 | 008b 7804 | f00f b137 
  0x03f2e844: 0f85 d102 

  0x03f2e848: ; ImmutableOopMap {[196]=Oop ecx=Oop [172]=Oop [272]=Oop [132]=Oop [104]=Oop [108]=Oop [208]=Oop [244]=Oop eax=Oop }
              ;*invokevirtual get {reexecute=0 rethrow=0 return_oop=0}
              ; - jdk.internal.perf.PerfCounter::add@1 (line 98)
              ; - jdk.internal.perf.PerfCounter::addElapsedTimeFrom@6 (line 120)
              ; - java.net.URLClassLoader::defineClass@207 (line 523)
  0x03f2e848: 0000 8bc2 

  0x03f2e84c: ;   {section_word}
  0x03f2e84c: ba4c e8f2 

  0x03f2e850: ;   {runtime_call handle_exception_nofpu Runtime1 stub}
  0x03f2e850: 03e8 fa46 | b6ff 9064 | 8b14 2500 | 0000 008b | 52f4 8b82 | 8402 0000 | c782 8402 | 0000 0000 
  0x03f2e870: 0000 c782 | 8802 0000 | 0000 0000 

  0x03f2e87c: ;   {oop(a 'jdk/internal/perf/PerfCounter'{0x25c70df0})}
  0x03f2e87c: 8bd0 b8f0 | 0dc7 258d | 8424 f000 | 0000 8b30 | 85f6 0f84 | 0d00 0000 | 8b78 04f0 | 0fb1 370f 
  0x03f2e89c: 858e 0200 | 008b c2e9 | 1603 0000 | 8b94 24b8 | 0000 008b | 8c24 bc00 | 0000 648b | 3425 0000 
  0x03f2e8bc: 0000 8b76 | f48b 8684 | 0200 00c7 | 8684 0200 | 0000 0000 | 00c7 8688 | 0200 0000 | 0000 008b 
  0x03f2e8dc: ;   {oop(a 'jdk/internal/perf/PerfCounter'{0x25c70df0})}
  0x03f2e8dc: f0b8 f00d | c725 8d84 | 24f8 0000 | 008b 3885 | ff0f 840d | 0000 008b | 5804 f00f | b13b 0f85 
  0x03f2e8fc: 4302 0000 | 8bc6 8bf2 

  0x03f2e904: ; ImmutableOopMap {[104]=Oop [176]=Oop [272]=Oop [132]=Oop [172]=Oop [108]=Oop [180]=Oop [244]=Oop eax=Oop }
              ;*invokevirtual get {reexecute=0 rethrow=0 return_oop=0}
              ; - jdk.internal.perf.PerfCounter::add@1 (line 98)
              ; - jdk.internal.perf.PerfCounter::addElapsedTimeFrom@6 (line 120)
              ; - java.net.URLClassLoader::defineClass@165 (line 516)
              ;   {section_word}
  0x03f2e904: 8bf9 ba06 

  0x03f2e908: ;   {runtime_call handle_exception_nofpu Runtime1 stub}
  0x03f2e908: e9f2 03e8 | 4046 b6ff | 9064 8b34 | 2500 0000 | 008b 76f4 | 8b86 8402 | 0000 c786 | 8402 0000 
  0x03f2e928: 0000 0000 | c786 8802 | 0000 0000 | 0000 8bf0 

  0x03f2e938: ;   {oop(a 'jdk/internal/perf/PerfCounter'{0x25c70df0})}
  0x03f2e938: b8f0 0dc7 | 258d 8424 | f000 0000 | 8b38 85ff | 0f84 0d00 | 0000 8b58 | 04f0 0fb1 | 3b0f 85fc 
  0x03f2e958: 0100 008b | c6e9 5c02 | 0000 648b | 3425 0000 | 0000 8b76 | f48b 8684 | 0200 00c7 | 8684 0200 
  0x03f2e978: 0000 0000 | 00c7 8688 | 0200 0000 | 0000 008b | f08d 8424 | f000 0000 | 8b38 85ff | 0f84 0d00 
  0x03f2e998: 0000 8b58 | 04f0 0fb1 | 3b0f 85c4 | 0100 008b | c6e9 1002 

  0x03f2e9ac: ;   {runtime_call throw_null_pointer_exception Runtime1 stub}
  0x03f2e9ac: 0000 e82d 

  0x03f2e9b0: ; ImmutableOopMap {[272]=Oop [108]=Oop esi=Oop [104]=Oop }
              ;*invokevirtual lastIndexOf {reexecute=0 rethrow=0 return_oop=0}
              ; - java.net.URLClassLoader::defineClass@7 (line 486)
              ;   {runtime_call throw_null_pointer_exception Runtime1 stub}
  0x03f2e9b0: 50b6 ffe8 

  0x03f2e9b4: ; ImmutableOopMap {[272]=Oop [108]=Oop esi=Oop [104]=Oop edi=Oop }
              ;*arraylength {reexecute=0 rethrow=0 return_oop=0}
              ; - java.lang.String::length@4 (line 1481)
              ; - java.lang.String::lastIndexOf@3 (line 2451)
              ; - java.net.URLClassLoader::defineClass@7 (line 486)
  0x03f2e9b4: 2850 b6ff | 8974 2404 

  0x03f2e9bc: ;   {runtime_call monitorenter_nofpu Runtime1 stub}
  0x03f2e9bc: 890c 24e8 

  0x03f2e9c0: ; ImmutableOopMap {[108]=Oop [104]=Oop [132]=Oop esi=Oop [272]=Oop [244]=Oop }
              ;*synchronization entry
              ; - jdk.internal.loader.Resource::cachedInputStream@-1 (line 76)
              ; - jdk.internal.loader.Resource::getByteBuffer@1 (line 163)
              ; - java.net.URLClassLoader::defineClass@132 (line 511)
  0x03f2e9c0: 8c3c b6ff | e956 f7ff | ff8d 8424 | f000 0000 

  0x03f2e9d0: ;   {runtime_call monitorexit_nofpu Runtime1 stub}
  0x03f2e9d0: 8904 24e8 | 383a b6ff | e992 f7ff | ff89 3c24 

  0x03f2e9e0: ;   {runtime_call throw_class_cast_exception Runtime1 stub}
  0x03f2e9e0: e8bb 40b6 

  0x03f2e9e4: ; ImmutableOopMap {[108]=Oop [104]=Oop [132]=Oop edi=Oop [272]=Oop }
              ;*checkcast {reexecute=0 rethrow=0 return_oop=0}
              ; - jdk.internal.loader.Resource::getByteBuffer@13 (line 165)
              ; - java.net.URLClassLoader::defineClass@132 (line 511)
              ;   {runtime_call throw_null_pointer_exception Runtime1 stub}
  0x03f2e9e4: ffe8 f64f 

  0x03f2e9e8: ; ImmutableOopMap {[108]=Oop [104]=Oop [132]=Oop [272]=Oop [136]=Oop [140]=Oop [144]=Oop }
              ;*new {reexecute=0 rethrow=0 return_oop=0}
              ; - java.net.URLClassLoader::defineClass@103 (line 504)
  0x03f2e9e8: b6ff 8bd2 

  0x03f2e9ec: ;   {runtime_call fast_new_instance_init_check Runtime1 stub}
  0x03f2e9ec: e8df 4ab6 

  0x03f2e9f0: ; ImmutableOopMap {[108]=Oop [104]=Oop [132]=Oop [272]=Oop [136]=Oop [140]=Oop [144]=Oop }
              ;*new {reexecute=0 rethrow=0 return_oop=0}
              ; - java.net.URLClassLoader::defineClass@103 (line 504)
  0x03f2e9f0: ffe9 96f8 | ffff 8bd2 

  0x03f2e9f8: ;   {runtime_call fast_new_instance Runtime1 stub}
  0x03f2e9f8: e813 4cb6 

  0x03f2e9fc: ; ImmutableOopMap {[108]=Oop [104]=Oop [132]=Oop [272]=Oop [136]=Oop [140]=Oop [144]=Oop [156]=Oop }
              ;*new {reexecute=0 rethrow=0 return_oop=0}
              ; - java.net.URLClassLoader::defineClass@107 (line 504)
  0x03f2e9fc: ffe9 d3f8 | ffff 8bd2 

  0x03f2ea04: ;   {runtime_call fast_new_instance Runtime1 stub}
  0x03f2ea04: e807 4cb6 

  0x03f2ea08: ; ImmutableOopMap {[108]=Oop [104]=Oop [132]=Oop [272]=Oop [136]=Oop [140]=Oop [144]=Oop [156]=Oop ebx=Oop [152]=Oop }
              ;*new {reexecute=0 rethrow=0 return_oop=0}
              ; - java.lang.StringLatin1::newString@7 (line 769)
              ; - java.lang.StringBuilder::toString@16 (line 453)
              ; - java.net.URLClassLoader::defineClass@124 (line 504)
  0x03f2ea08: ffe9 8ef9 | ffff 8bd2 

  0x03f2ea10: ;   {runtime_call fast_new_instance Runtime1 stub}
  0x03f2ea10: e8fb 4bb6 

  0x03f2ea14: ; ImmutableOopMap {[108]=Oop [104]=Oop [132]=Oop [272]=Oop [172]=Oop ebx=Oop [180]=Oop }
              ;*new {reexecute=0 rethrow=0 return_oop=0}
              ; - java.net.URLClassLoader::defineClass@148 (line 515)
  0x03f2ea14: ffe9 20fa 

  0x03f2ea18: ;   {runtime_call throw_null_pointer_exception Runtime1 stub}
  0x03f2ea18: ffff e8c1 

  0x03f2ea1c: ; ImmutableOopMap {[108]=Oop [104]=Oop [132]=Oop [272]=Oop [172]=Oop [176]=Oop [180]=Oop ebx=Oop }
              ;*synchronization entry
              ; - jdk.internal.perf.PerfCounter::add@-1 (line 98)
              ; - jdk.internal.perf.PerfCounter::addElapsedTimeFrom@6 (line 120)
              ; - java.net.URLClassLoader::defineClass@165 (line 516)
  0x03f2ea1c: 4fb6 ff89 | 5c24 0489 

  0x03f2ea24: ;   {runtime_call monitorenter_nofpu Runtime1 stub}
  0x03f2ea24: 0c24 e825 

  0x03f2ea28: ; ImmutableOopMap {[108]=Oop [104]=Oop [132]=Oop [272]=Oop [172]=Oop [176]=Oop [180]=Oop ebx=Oop [244]=Oop }
              ;*synchronization entry
              ; - jdk.internal.perf.PerfCounter::add@-1 (line 98)
              ; - jdk.internal.perf.PerfCounter::addElapsedTimeFrom@6 (line 120)
              ; - java.net.URLClassLoader::defineClass@165 (line 516)
  0x03f2ea28: 3cb6 ffe9 | 73fa ffff | 895c 2404 

  0x03f2ea34: ;   {runtime_call monitorenter_nofpu Runtime1 stub}
  0x03f2ea34: 8914 24e8 

  0x03f2ea38: ; ImmutableOopMap {[108]=Oop [104]=Oop [132]=Oop [272]=Oop [172]=Oop [176]=Oop [180]=Oop ebx=Oop [244]=Oop [252]=Oop }
              ;*synchronization entry
              ; - jdk.internal.perf.PerfCounter::get@-1 (line 84)
              ; - jdk.internal.perf.PerfCounter::add@1 (line 98)
              ; - jdk.internal.perf.PerfCounter::addElapsedTimeFrom@6 (line 120)
              ; - java.net.URLClassLoader::defineClass@165 (line 516)
  0x03f2ea38: 143c b6ff | e98d faff 

  0x03f2ea40: ;   {runtime_call throw_null_pointer_exception Runtime1 stub}
  0x03f2ea40: ffe8 9a4f 

  0x03f2ea44: ; ImmutableOopMap {[108]=Oop [104]=Oop [132]=Oop [272]=Oop [172]=Oop [176]=Oop [180]=Oop ebx=Oop ecx=Oop [244]=Oop [252]=Oop }
              ;*invokevirtual get {reexecute=0 rethrow=0 return_oop=0}
              ; - jdk.internal.perf.PerfCounter::get@5 (line 84)
              ; - jdk.internal.perf.PerfCounter::add@1 (line 98)
              ; - jdk.internal.perf.PerfCounter::addElapsedTimeFrom@6 (line 120)
              ; - java.net.URLClassLoader::defineClass@165 (line 516)
  0x03f2ea44: b6ff 8d84 | 24f8 0000 | 0089 0424 

  0x03f2ea50: ;   {runtime_call monitorexit_nofpu Runtime1 stub}
  0x03f2ea50: e8bb 39b6 | ffe9 acfa 

  0x03f2ea58: ;   {runtime_call throw_null_pointer_exception Runtime1 stub}
  0x03f2ea58: ffff e881 

  0x03f2ea5c: ; ImmutableOopMap {[108]=Oop [104]=Oop [132]=Oop [272]=Oop [172]=Oop [176]=Oop [180]=Oop esi=Oop [244]=Oop }
              ;*invokevirtual put {reexecute=0 rethrow=0 return_oop=0}
              ; - jdk.internal.perf.PerfCounter::add@13 (line 99)
              ; - jdk.internal.perf.PerfCounter::addElapsedTimeFrom@6 (line 120)
              ; - java.net.URLClassLoader::defineClass@165 (line 516)
  0x03f2ea5c: 4fb6 ff8d | 8424 f000 | 0000 8904 

  0x03f2ea68: ;   {runtime_call monitorexit_nofpu Runtime1 stub}
  0x03f2ea68: 24e8 a239 | b6ff e9f3 | faff ff51 

  0x03f2ea74: ;   {internal_word}
  0x03f2ea74: 52b9 aee5 | f203 648b | 1425 0000 | 0000 8b52 | f489 8a5c | 0200 005a 

  0x03f2ea8c: ;   {runtime_call SafepointBlob}
  0x03f2ea8c: 59e9 0e6e | b8ff 8bd2 

  0x03f2ea94: ;   {runtime_call fast_new_instance Runtime1 stub}
  0x03f2ea94: e877 4bb6 

  0x03f2ea98: ; ImmutableOopMap {[108]=Oop [104]=Oop [132]=Oop [272]=Oop [172]=Oop [196]=Oop ebx=Oop }
              ;*new {reexecute=0 rethrow=0 return_oop=0}
              ; - java.net.URLClassLoader::defineClass@190 (line 522)
  0x03f2ea98: ffe9 89fb 

  0x03f2ea9c: ;   {runtime_call throw_null_pointer_exception Runtime1 stub}
  0x03f2ea9c: ffff e83d 

  0x03f2eaa0: ; ImmutableOopMap {[108]=Oop [104]=Oop [132]=Oop [272]=Oop [172]=Oop [196]=Oop [208]=Oop [212]=Oop ebx=Oop }
              ;*synchronization entry
              ; - jdk.internal.perf.PerfCounter::add@-1 (line 98)
              ; - jdk.internal.perf.PerfCounter::addElapsedTimeFrom@6 (line 120)
              ; - java.net.URLClassLoader::defineClass@207 (line 523)
  0x03f2eaa0: 4fb6 ff89 | 5c24 0489 

  0x03f2eaa8: ;   {runtime_call monitorenter_nofpu Runtime1 stub}
  0x03f2eaa8: 0c24 e8a1 

  0x03f2eaac: ; ImmutableOopMap {[108]=Oop [104]=Oop [132]=Oop [272]=Oop [172]=Oop [196]=Oop [208]=Oop [212]=Oop ebx=Oop [244]=Oop }
              ;*synchronization entry
              ; - jdk.internal.perf.PerfCounter::add@-1 (line 98)
              ; - jdk.internal.perf.PerfCounter::addElapsedTimeFrom@6 (line 120)
              ; - java.net.URLClassLoader::defineClass@207 (line 523)
  0x03f2eaac: 3bb6 ffe9 | e3fb ffff | 895c 2404 

  0x03f2eab8: ;   {runtime_call monitorenter_nofpu Runtime1 stub}
  0x03f2eab8: 8914 24e8 

  0x03f2eabc: ; ImmutableOopMap {[108]=Oop [104]=Oop [132]=Oop [272]=Oop [172]=Oop [196]=Oop [208]=Oop [212]=Oop ebx=Oop [244]=Oop [252]=Oop }
              ;*synchronization entry
              ; - jdk.internal.perf.PerfCounter::get@-1 (line 84)
              ; - jdk.internal.perf.PerfCounter::add@1 (line 98)
              ; - jdk.internal.perf.PerfCounter::addElapsedTimeFrom@6 (line 120)
              ; - java.net.URLClassLoader::defineClass@207 (line 523)
  0x03f2eabc: 903b b6ff | e9fd fbff 

  0x03f2eac4: ;   {runtime_call throw_null_pointer_exception Runtime1 stub}
  0x03f2eac4: ffe8 164f 

  0x03f2eac8: ; ImmutableOopMap {[108]=Oop [104]=Oop [132]=Oop [272]=Oop [172]=Oop [196]=Oop [208]=Oop [212]=Oop ebx=Oop ecx=Oop [244]=Oop [252]=Oop }
              ;*invokevirtual get {reexecute=0 rethrow=0 return_oop=0}
              ; - jdk.internal.perf.PerfCounter::get@5 (line 84)
              ; - jdk.internal.perf.PerfCounter::add@1 (line 98)
              ; - jdk.internal.perf.PerfCounter::addElapsedTimeFrom@6 (line 120)
              ; - java.net.URLClassLoader::defineClass@207 (line 523)
  0x03f2eac8: b6ff 8d84 | 24f8 0000 | 0089 0424 

  0x03f2ead4: ;   {runtime_call monitorexit_nofpu Runtime1 stub}
  0x03f2ead4: e837 39b6 | ffe9 1cfc 

  0x03f2eadc: ;   {runtime_call throw_null_pointer_exception Runtime1 stub}
  0x03f2eadc: ffff e8fd 

  0x03f2eae0: ; ImmutableOopMap {[108]=Oop [104]=Oop [132]=Oop [272]=Oop [172]=Oop [196]=Oop [208]=Oop [212]=Oop esi=Oop [244]=Oop }
              ;*invokevirtual put {reexecute=0 rethrow=0 return_oop=0}
              ; - jdk.internal.perf.PerfCounter::add@13 (line 99)
              ; - jdk.internal.perf.PerfCounter::addElapsedTimeFrom@6 (line 120)
              ; - java.net.URLClassLoader::defineClass@207 (line 523)
  0x03f2eae0: 4eb6 ff8d | 8424 f000 | 0000 8904 

  0x03f2eaec: ;   {runtime_call monitorexit_nofpu Runtime1 stub}
  0x03f2eaec: 24e8 1e39 | b6ff e963 

  0x03f2eaf4: ;   {runtime_call throw_null_pointer_exception Runtime1 stub}
  0x03f2eaf4: fcff ffe8 

  0x03f2eaf8: ; ImmutableOopMap {[108]=Oop [104]=Oop [132]=Oop [272]=Oop [172]=Oop [208]=Oop [212]=Oop eax=Oop [196]=Oop }
              ;*arraylength {reexecute=0 rethrow=0 return_oop=0}
              ; - java.net.URLClassLoader::defineClass@217 (line 524)
  0x03f2eaf8: e44e b6ff 

  0x03f2eafc: ;   {internal_word}
  0x03f2eafc: 5152 b9be | e7f2 0364 | 8b14 2500 | 0000 008b | 52f4 898a | 5c02 0000 

  0x03f2eb14: ;   {runtime_call SafepointBlob}
  0x03f2eb14: 5a59 e985 | 6db8 ff8d | 8424 f800 | 0000 8904 

  0x03f2eb24: ;   {runtime_call monitorexit_nofpu Runtime1 stub}
  0x03f2eb24: 24e8 e638 | b6ff e91b | fdff ff8d | 8424 f000 | 0000 8904 

  0x03f2eb38: ;   {runtime_call monitorexit_nofpu Runtime1 stub}
  0x03f2eb38: 24e8 d238 | b6ff e95e | fdff ff8d | 8424 f800 | 0000 8904 

  0x03f2eb4c: ;   {runtime_call monitorexit_nofpu Runtime1 stub}
  0x03f2eb4c: 24e8 be38 | b6ff e9a9 | fdff ff8d | 8424 f000 | 0000 8904 

  0x03f2eb60: ;   {runtime_call monitorexit_nofpu Runtime1 stub}
  0x03f2eb60: 24e8 aa38 | b6ff e9f0 | fdff ff8d | 8424 f000 | 0000 8904 

  0x03f2eb74: ;   {runtime_call monitorexit_nofpu Runtime1 stub}
  0x03f2eb74: 24e8 9638 | b6ff e928 | feff ff8b | 8c24 d400 | 0000 e975 | fcff ff8b | 8c24 d400 | 0000 e969 
  0x03f2eb94: fcff ff90 | 9064 8b34 | 2500 0000 | 008b 76f4 | 8b86 8402 | 0000 c786 | 8402 0000 | 0000 0000 
  0x03f2ebb4: c786 8802 | 0000 0000 | 0000 81c4 | 0801 0000 

  0x03f2ebc4: ;   {runtime_call unwind_exception Runtime1 stub}
  0x03f2ebc4: 5de9 4654 | b6ff f4f4 | f4f4 f4f4 
[Stub Code]
  0x03f2ebd0: ;   {no_reloc}
  0x03f2ebd0: 6690 bb00 

  0x03f2ebd4: ;   {runtime_call}
  0x03f2ebd4: 0000 00e9 | fbff ffff 

  0x03f2ebdc: ;   {static_stub}
  0x03f2ebdc: 6690 bb00 

  0x03f2ebe0: ;   {runtime_call}
  0x03f2ebe0: 0000 00e9 | fbff ffff 

  0x03f2ebe8: ;   {static_stub}
  0x03f2ebe8: 6690 bb00 

  0x03f2ebec: ;   {runtime_call}
  0x03f2ebec: 0000 00e9 | fbff ffff 

  0x03f2ebf4: ;   {static_stub}
  0x03f2ebf4: 6690 bb00 

  0x03f2ebf8: ;   {runtime_call}
  0x03f2ebf8: 0000 00e9 | fbff ffff 

  0x03f2ec00: ;   {static_stub}
  0x03f2ec00: 6690 bb00 

  0x03f2ec04: ;   {runtime_call}
  0x03f2ec04: 0000 00e9 | fbff ffff 

  0x03f2ec0c: ;   {static_stub}
  0x03f2ec0c: 6690 bb78 

  0x03f2ec10: ;   {runtime_call I2C/C2I adapters}
  0x03f2ec10: 6655 66e9 | d2dd b7ff 

  0x03f2ec18: ;   {static_stub}
  0x03f2ec18: 6690 bbd8 

  0x03f2ec1c: ;   {runtime_call I2C/C2I adapters}
  0x03f2ec1c: 6a55 66e9 | c6dd b7ff 

  0x03f2ec24: ;   {static_stub}
  0x03f2ec24: 6690 bb00 

  0x03f2ec28: ;   {runtime_call}
  0x03f2ec28: 0000 00e9 | fbff ffff 

  0x03f2ec30: ;   {static_stub}
  0x03f2ec30: 6690 bb00 

  0x03f2ec34: ;   {runtime_call}
  0x03f2ec34: 0000 00e9 | fbff ffff 

  0x03f2ec3c: ;   {static_stub}
  0x03f2ec3c: 6690 bb00 

  0x03f2ec40: ;   {runtime_call}
  0x03f2ec40: 0000 00e9 | fbff ffff 

  0x03f2ec48: ;   {static_stub}
  0x03f2ec48: 6690 bb00 

  0x03f2ec4c: ;   {runtime_call}
  0x03f2ec4c: 0000 00e9 | fbff ffff 

  0x03f2ec54: ;   {static_stub}
  0x03f2ec54: 6690 bb00 

  0x03f2ec58: ;   {runtime_call}
  0x03f2ec58: 0000 00e9 | fbff ffff 

  0x03f2ec60: ;   {static_stub}
  0x03f2ec60: 6690 bb00 

  0x03f2ec64: ;   {runtime_call}
  0x03f2ec64: 0000 00e9 | fbff ffff 

  0x03f2ec6c: ;   {static_stub}
  0x03f2ec6c: 6690 bb00 

  0x03f2ec70: ;   {runtime_call}
  0x03f2ec70: 0000 00e9 | fbff ffff 

  0x03f2ec78: ;   {static_stub}
  0x03f2ec78: 6690 bb00 

  0x03f2ec7c: ;   {runtime_call}
  0x03f2ec7c: 0000 00e9 | fbff ffff 

  0x03f2ec84: ;   {static_stub}
  0x03f2ec84: 6690 bb00 

  0x03f2ec88: ;   {runtime_call}
  0x03f2ec88: 0000 00e9 | fbff ffff 

  0x03f2ec90: ;   {static_stub}
  0x03f2ec90: 6690 bb00 

  0x03f2ec94: ;   {runtime_call}
  0x03f2ec94: 0000 00e9 | fbff ffff 

  0x03f2ec9c: ;   {static_stub}
  0x03f2ec9c: 6690 bb00 

  0x03f2eca0: ;   {runtime_call}
  0x03f2eca0: 0000 00e9 | fbff ffff 

  0x03f2eca8: ;   {static_stub}
  0x03f2eca8: 6690 bb00 

  0x03f2ecac: ;   {runtime_call}
  0x03f2ecac: 0000 00e9 | fbff ffff 

  0x03f2ecb4: ;   {static_stub}
  0x03f2ecb4: 6690 bb00 

  0x03f2ecb8: ;   {runtime_call}
  0x03f2ecb8: 0000 00e9 | fbff ffff 

  0x03f2ecc0: ;   {static_stub}
  0x03f2ecc0: 6690 bb00 

  0x03f2ecc4: ;   {runtime_call}
  0x03f2ecc4: 0000 00e9 | fbff ffff 

  0x03f2eccc: ;   {static_stub}
  0x03f2eccc: 6690 bb00 

  0x03f2ecd0: ;   {runtime_call}
  0x03f2ecd0: 0000 00e9 | fbff ffff 

  0x03f2ecd8: ;   {static_stub}
  0x03f2ecd8: 6690 bb00 

  0x03f2ecdc: ;   {runtime_call}
  0x03f2ecdc: 0000 00e9 | fbff ffff 

  0x03f2ece4: ;   {static_stub}
  0x03f2ece4: 6690 bbc0 

  0x03f2ece8: ;   {runtime_call I2C/C2I adapters}
  0x03f2ece8: 4d0b 66e9 | 7370 b8ff 

  0x03f2ecf0: ;   {static_stub}
  0x03f2ecf0: 6690 bb90 

  0x03f2ecf4: ;   {runtime_call I2C/C2I adapters}
  0x03f2ecf4: 273e 66e9 | 9d14 b8ff 

  0x03f2ecfc: ;   {static_stub}
  0x03f2ecfc: 6690 bb18 

  0x03f2ed00: ;   {runtime_call I2C/C2I adapters}
  0x03f2ed00: 293e 66e9 | a2e8 b7ff 

  0x03f2ed08: ;   {static_stub}
  0x03f2ed08: 6690 bb28 

  0x03f2ed0c: ;   {runtime_call I2C/C2I adapters}
  0x03f2ed0c: e102 66e9 | 8513 b8ff 

  0x03f2ed14: ;   {static_stub}
  0x03f2ed14: 6690 bb00 

  0x03f2ed18: ;   {runtime_call}
  0x03f2ed18: 0000 00e9 | fbff ffff 

  0x03f2ed20: ;   {static_stub}
  0x03f2ed20: 6690 bb00 

  0x03f2ed24: ;   {runtime_call}
  0x03f2ed24: 0000 00e9 | fbff ffff 

  0x03f2ed2c: ;   {static_stub}
  0x03f2ed2c: 6690 bb00 

  0x03f2ed30: ;   {runtime_call}
  0x03f2ed30: 0000 00e9 | fbff ffff 
[Exception Handler]
  0x03f2ed38: ;   {runtime_call handle_exception_from_callee Runtime1 stub}
  0x03f2ed38: e8d3 3fb6 

  0x03f2ed3c: ;   {external_word}
  0x03f2ed3c: ff68 30b7 | d068 e800 | 0000 0060 

  0x03f2ed48: ;   {runtime_call}
  0x03f2ed48: e813 a2c3 

  0x03f2ed4c: ;   {section_word}
  0x03f2ed4c: 64f4 684e 

  0x03f2ed50: ;   {runtime_call DeoptimizationBlob}
  0x03f2ed50: edf2 03e9 | e864 b8ff 
[/MachCode]


---------------  P R O C E S S  ---------------

Threads class SMR info:
_java_thread_list=0x72c2e160, length=217, elements={
0x03a10eb0, 0x65c81ce8, 0x65c83528, 0x65cc07d0,
0x65cc1370, 0x65cc3918, 0x65cab848, 0x65cb0638,
0x65cb32e0, 0x65c5a860, 0x65dfe1c8, 0x6a595b90,
0x6a61ccc0, 0x6a649970, 0x6a5f3900, 0x6a4c5d90,
0x6a4c6a30, 0x6a4c6d58, 0x6a4c5a68, 0x6aa21928,
0x6aa21c50, 0x6aa24230, 0x6aa23590, 0x6aa238b8,
0x6aa24880, 0x6cd3f958, 0x6cd40920, 0x72566ca0,
0x72566000, 0x7b1e1d48, 0x7b1e2398, 0x6c3a2020,
0x72d04890, 0x72d03bf0, 0x72d03f18, 0x72d04240,
0x6c42e590, 0x7b1e16f8, 0x7b1e1a20, 0x6c6741d0,
0x6c6744f8, 0x6c55ebe0, 0x6c55f558, 0x6c55df40,
0x6c55f230, 0x6c55e268, 0x6c55e590, 0x6c55f880,
0x6c55e8b8, 0x7b11f048, 0x7b11fce8, 0x6cd3f308,
0x6cd402d0, 0x6cd405f8, 0x6cd3f630, 0x729d3850,
0x729d2560, 0x729d2888, 0x729d2ed8, 0x7b120050,
0x7b120378, 0x720b1690, 0x720b1368, 0x720b2ca8,
0x720b2658, 0x6cc51018, 0x6cc52c80, 0x6cc51668,
0x6cc51990, 0x6cc51fe0, 0x720b1040, 0x6cc52308,
0x6caf9f68, 0x6cafa290, 0x6cafa5b8, 0x6caf9c40,
0x6cafa8e0, 0x720b2980, 0x7b1209c8, 0x7b1206a0,
0x7b120cf0, 0x6cc4bb30, 0x6cc4c4a8, 0x6cc4be58,
0x6cc4c180, 0x6cc4b808, 0x6caf81f0, 0x6cc52630,
0x6cc51340, 0x6caf8b68, 0x6731c1d0, 0x720b2008,
0x7b11f698, 0x7b11f370, 0x7b11f9c0, 0x6cd5daf8,
0x6c42ebe0, 0x6c42e268, 0x6c42e8b8, 0x720b2330,
0x6c42fba8, 0x6cc51cb8, 0x6cc52958, 0x6cd5d180,
0x6cd5d4a8, 0x6cd5d7d0, 0x6cd5de20, 0x6caf8e90,
0x6caf9808, 0x6c672bb8, 0x6c672890, 0x6cd5e798,
0x6cd5e148, 0x6c42ef08, 0x6c42f230, 0x6cbacfd8,
0x6cbac988, 0x6731bea8, 0x6731b858, 0x6cd5cb30,
0x6cd5e470, 0x6cd5ce58, 0x7b316730, 0x7b317a20,
0x6731bb80, 0x6731c4f8, 0x7b31aef0, 0x7b31b218,
0x7b316d80, 0x6c672ee0, 0x6cbac338, 0x6cbac660,
0x7b588c90, 0x7b587028, 0x7b587ff0, 0x7b588318,
0x7b587350, 0x7b587678, 0x7b31a578, 0x7b11bcf0,
0x6c3a2cc0, 0x6c3a3638, 0x6c3a2fe8, 0x6c3a2348,
0x6c3a3310, 0x6c3a3960, 0x6c3a3c88, 0x6c3a2670,
0x6c3a2998, 0x7b3170a8, 0x7b3160e0, 0x7b2fdc70,
0x7b6a81d0, 0x7b6a84f8, 0x7b6a9198, 0x7b6a9b10,
0x7b6a97e8, 0x7b6a8820, 0x7b6a8b48, 0x7b316408,
0x7b316a58, 0x7b3173d0, 0x7b588968, 0x7b5879a0,
0x7b587cc8, 0x7b588640, 0x720b19b8, 0x723914e8,
0x72391810, 0x7b31a8a0, 0x7b31abc8, 0x72390e98,
0x72391b38, 0x6caf8518, 0x7b2fd620, 0x7b2fcfd0,
0x7b2fd948, 0x723911c0, 0x6cf6f8c8, 0x6cf70240,
0x6cf6ff18, 0x7b2fdf98, 0x7b2fd2f8, 0x7b2fe2c0,
0x7b2fe910, 0x6cf6fbf0, 0x6cf70568, 0x6cf70890,
0x6c42f558, 0x6c42fed0, 0x6c42f880, 0x72d04568,
0x6c623e40, 0x6c624490, 0x6c624e08, 0x6c625130,
0x6c6237f0, 0x6c6247b8, 0x6c624168, 0x7b6a8e70,
0x7b317d48, 0x7b3176f8, 0x7b1e2070, 0x7b538618,
0x7b537650, 0x7b538f90, 0x7b537ca0, 0x7b538c68,
0x7b537978, 0x7b537fc8, 0x7b537328, 0x7b6a94c0,
0x7b6a7ea8, 0x7b11b050, 0x7b538940, 0x7b11b9c8,
0x6cf70bb8
}

Java Threads: ( => current thread )
  0x03a10eb0 JavaThread "main" [_thread_blocked, id=30088, stack(0x03120000,0x03170000)]
  0x65c81ce8 JavaThread "Reference Handler" daemon [_thread_blocked, id=6564, stack(0x05ab0000,0x05b00000)]
  0x65c83528 JavaThread "Finalizer" daemon [_thread_blocked, id=4996, stack(0x05b40000,0x05b90000)]
  0x65cc07d0 JavaThread "Signal Dispatcher" daemon [_thread_blocked, id=31484, stack(0x65f10000,0x65f60000)]
  0x65cc1370 JavaThread "Attach Listener" daemon [_thread_blocked, id=17056, stack(0x65fa0000,0x65ff0000)]
  0x65cc3918 JavaThread "Service Thread" daemon [_thread_blocked, id=20296, stack(0x67040000,0x67090000)]
  0x65cab848 JavaThread "Monitor Deflation Thread" daemon [_thread_blocked, id=15436, stack(0x670d0000,0x67120000)]
  0x65cb0638 JavaThread "C1 CompilerThread0" daemon [_thread_blocked, id=3772, stack(0x67160000,0x671b0000)]
  0x65cb32e0 JavaThread "Sweeper thread" daemon [_thread_blocked, id=21500, stack(0x671f0000,0x67240000)]
  0x65c5a860 JavaThread "Common-Cleaner" daemon [_thread_blocked, id=2896, stack(0x67280000,0x672d0000)]
  0x65dfe1c8 JavaThread "Notification Thread" daemon [_thread_blocked, id=17448, stack(0x67710000,0x67760000)]
  0x6a595b90 JavaThread "Daemon health stats" [_thread_blocked, id=14400, stack(0x68030000,0x68080000)]
  0x6a61ccc0 JavaThread "Incoming local TCP Connector on port 50218" [_thread_in_native, id=14176, stack(0x680c0000,0x68110000)]
  0x6a649970 JavaThread "Daemon periodic checks" [_thread_blocked, id=13964, stack(0x682b0000,0x68300000)]
  0x6a5f3900 JavaThread "Daemon" [_thread_blocked, id=22788, stack(0x68450000,0x684a0000)]
  0x6a4c5d90 JavaThread "Daemon worker" [_thread_blocked, id=21640, stack(0x68640000,0x68690000)]
  0x6a4c6a30 JavaThread "Cache worker for journal cache (C:\Users\Agent17\.gradle\caches\journal-1)" [_thread_blocked, id=8408, stack(0x68880000,0x688d0000)]
  0x6a4c6d58 JavaThread "File lock request listener" [_thread_in_native, id=23824, stack(0x68e70000,0x68ec0000)]
  0x6a4c5a68 JavaThread "Cache worker for file hash cache (C:\Users\Agent17\.gradle\caches\8.11.1\fileHashes)" [_thread_blocked, id=32576, stack(0x68f00000,0x68f50000)]
  0x6aa21928 JavaThread "Cache worker for file content cache (C:\Users\Agent17\.gradle\caches\8.11.1\fileContent)" [_thread_blocked, id=16196, stack(0x68f90000,0x68fe0000)]
  0x6aa21c50 JavaThread "File watcher server" daemon [_thread_in_native, id=27796, stack(0x69140000,0x69190000)]
  0x6aa24230 JavaThread "File watcher consumer" daemon [_thread_blocked, id=23536, stack(0x691d0000,0x69220000)]
  0x6aa23590 JavaThread "jar transforms" [_thread_blocked, id=21144, stack(0x69410000,0x69460000)]
  0x6aa238b8 JavaThread "jar transforms Thread 2" [_thread_blocked, id=2460, stack(0x694a0000,0x694f0000)]
  0x6aa24880 JavaThread "jar transforms Thread 3" [_thread_blocked, id=31068, stack(0x69530000,0x69580000)]
  0x6cd3f958 JavaThread "jar transforms Thread 4" [_thread_blocked, id=9200, stack(0x70940000,0x70990000)]
  0x6cd40920 JavaThread "jar transforms Thread 5" [_thread_blocked, id=31368, stack(0x709d0000,0x70a20000)]
  0x72566ca0 JavaThread "Memory manager" [_thread_blocked, id=8976, stack(0x70a60000,0x70ab0000)]
  0x72566000 JavaThread "jar transforms Thread 6" [_thread_blocked, id=22372, stack(0x70af0000,0x70b40000)]
  0x7b1e1d48 JavaThread "Handler for socket connection from /127.0.0.1:50218 to /127.0.0.1:61625" [_thread_in_native, id=26524, stack(0x68520000,0x68570000)]
  0x7b1e2398 JavaThread "Cancel handler" [_thread_blocked, id=3456, stack(0x685b0000,0x68600000)]
  0x6c3a2020 JavaThread "Asynchronous log dispatcher for DefaultDaemonConnection: socket connection from /127.0.0.1:50218 to /127.0.0.1:61625" [_thread_blocked, id=27376, stack(0x686d0000,0x68720000)]
  0x72d04890 JavaThread "Stdin handler" [_thread_blocked, id=19748, stack(0x68760000,0x687b0000)]
  0x72d03bf0 JavaThread "Daemon client event forwarder" [_thread_blocked, id=21428, stack(0x687f0000,0x68840000)]
  0x72d03f18 JavaThread "Cache worker for file hash cache (C:\Users\Agent17\.claude\jobs\35e9ff7a\tmp\convertly-web\android\.gradle\8.11.1\fileHashes)" [_thread_blocked, id=11716, stack(0x69020000,0x69070000)]
  0x72d04240 JavaThread "Cache worker for Build Output Cleanup Cache (C:\Users\Agent17\.claude\jobs\35e9ff7a\tmp\convertly-web\android\.gradle\buildOutputCleanup)" [_thread_blocked, id=2064, stack(0x690b0000,0x69100000)]
  0x6c42e590 JavaThread "Cache worker for checksums cache (C:\Users\Agent17\.claude\jobs\35e9ff7a\tmp\convertly-web\android\.gradle\8.11.1\checksums)" [_thread_blocked, id=4296, stack(0x69260000,0x692b0000)]
  0x7b1e16f8 JavaThread "Cache worker for cache directory md-rule (C:\Users\Agent17\.gradle\caches\8.11.1\md-rule)" [_thread_blocked, id=9436, stack(0x692f0000,0x69340000)]
  0x7b1e1a20 JavaThread "Cache worker for cache directory md-supplier (C:\Users\Agent17\.gradle\caches\8.11.1\md-supplier)" [_thread_blocked, id=8732, stack(0x69380000,0x693d0000)]
  0x6c6741d0 JavaThread "Problems report writer" [_thread_blocked, id=30280, stack(0x695c0000,0x69610000)]
  0x6c6744f8 JavaThread "Unconstrained build operations" [_thread_blocked, id=23864, stack(0x696e0000,0x69730000)]
  0x6c55ebe0 JavaThread "Unconstrained build operations Thread 2" [_thread_blocked, id=13888, stack(0x69770000,0x697c0000)]
  0x6c55f558 JavaThread "Unconstrained build operations Thread 3" [_thread_blocked, id=8960, stack(0x69800000,0x69850000)]
  0x6c55df40 JavaThread "Unconstrained build operations Thread 4" [_thread_blocked, id=2548, stack(0x69890000,0x698e0000)]
  0x6c55f230 JavaThread "Unconstrained build operations Thread 5" [_thread_blocked, id=15624, stack(0x69920000,0x69970000)]
  0x6c55e268 JavaThread "Unconstrained build operations Thread 6" [_thread_blocked, id=15932, stack(0x69a80000,0x69ad0000)]
  0x6c55e590 JavaThread "Unconstrained build operations Thread 7" [_thread_blocked, id=6928, stack(0x69b10000,0x69b60000)]
  0x6c55f880 JavaThread "Unconstrained build operations Thread 8" [_thread_blocked, id=20808, stack(0x69ba0000,0x69bf0000)]
  0x6c55e8b8 JavaThread "Unconstrained build operations Thread 9" [_thread_blocked, id=12872, stack(0x69c30000,0x69c80000)]
  0x7b11f048 JavaThread "Unconstrained build operations Thread 10" [_thread_blocked, id=16208, stack(0x6ad50000,0x6ada0000)]
  0x7b11fce8 JavaThread "Unconstrained build operations Thread 11" [_thread_blocked, id=16052, stack(0x6ade0000,0x6ae30000)]
  0x6cd3f308 JavaThread "Unconstrained build operations Thread 12" [_thread_blocked, id=32088, stack(0x6ae70000,0x6aec0000)]
  0x6cd402d0 JavaThread "Unconstrained build operations Thread 13" [_thread_blocked, id=16372, stack(0x6af00000,0x6af50000)]
  0x6cd405f8 JavaThread "Unconstrained build operations Thread 14" [_thread_blocked, id=31804, stack(0x6af90000,0x6afe0000)]
  0x6cd3f630 JavaThread "Unconstrained build operations Thread 15" [_thread_blocked, id=28596, stack(0x6d010000,0x6d060000)]
  0x729d3850 JavaThread "Unconstrained build operations Thread 16" [_thread_blocked, id=26132, stack(0x6d0a0000,0x6d0f0000)]
  0x729d2560 JavaThread "Unconstrained build operations Thread 17" [_thread_blocked, id=17736, stack(0x6d130000,0x6d180000)]
  0x729d2888 JavaThread "Unconstrained build operations Thread 18" [_thread_blocked, id=25008, stack(0x6d1c0000,0x6d210000)]
  0x729d2ed8 JavaThread "Unconstrained build operations Thread 19" [_thread_blocked, id=14752, stack(0x6d250000,0x6d2a0000)]
  0x7b120050 JavaThread "Unconstrained build operations Thread 20" [_thread_blocked, id=28696, stack(0x6d2e0000,0x6d330000)]
  0x7b120378 JavaThread "Unconstrained build operations Thread 21" [_thread_blocked, id=16156, stack(0x6d370000,0x6d3c0000)]
  0x720b1690 JavaThread "Unconstrained build operations Thread 22" [_thread_blocked, id=22248, stack(0x6d400000,0x6d450000)]
  0x720b1368 JavaThread "jar transforms Thread 7" [_thread_blocked, id=14068, stack(0x6d620000,0x6d670000)]
  0x720b2ca8 JavaThread "jar transforms Thread 8" [_thread_blocked, id=22200, stack(0x6d6b0000,0x6d700000)]
  0x720b2658 JavaThread "included builds" [_thread_blocked, id=20660, stack(0x6d740000,0x6d790000)]
  0x6cc51018 JavaThread "Execution worker" [_thread_blocked, id=2924, stack(0x6d7d0000,0x6d820000)]
  0x6cc52c80 JavaThread "Execution worker Thread 2" [_thread_blocked, id=32212, stack(0x6d860000,0x6d8b0000)]
  0x6cc51668 JavaThread "Execution worker Thread 3" [_thread_blocked, id=28504, stack(0x6d8f0000,0x6d940000)]
  0x6cc51990 JavaThread "Execution worker Thread 4" [_thread_blocked, id=24388, stack(0x6d980000,0x6d9d0000)]
  0x6cc51fe0 JavaThread "Execution worker Thread 5" [_thread_blocked, id=32740, stack(0x6da10000,0x6da60000)]
  0x720b1040 JavaThread "Cache worker for execution history cache (C:\Users\Agent17\.claude\jobs\35e9ff7a\tmp\convertly-web\android\.gradle\8.11.1\executionHistory)" [_thread_blocked, id=14628, stack(0x6daa0000,0x6daf0000)]
  0x6cc52308 JavaThread "Execution worker Thread 6" [_thread_blocked, id=30576, stack(0x6db30000,0x6db80000)]
  0x6caf9f68 JavaThread "Execution worker Thread 7" [_thread_blocked, id=30344, stack(0x6dbc0000,0x6dc10000)]
  0x6cafa290 JavaThread "Execution worker Thread 8" [_thread_blocked, id=25936, stack(0x6dc50000,0x6dca0000)]
  0x6cafa5b8 JavaThread "Execution worker Thread 9" [_thread_blocked, id=29944, stack(0x6dce0000,0x6dd30000)]
  0x6caf9c40 JavaThread "Execution worker Thread 10" [_thread_blocked, id=9080, stack(0x6dd70000,0x6ddc0000)]
  0x6cafa8e0 JavaThread "Execution worker Thread 11" [_thread_blocked, id=1052, stack(0x6de00000,0x6de50000)]
  0x720b2980 JavaThread "WorkerExecutor Queue" [_thread_blocked, id=23444, stack(0x6de90000,0x6dee0000)]
  0x7b1209c8 JavaThread "Unconstrained build operations Thread 23" [_thread_blocked, id=23912, stack(0x6dfb0000,0x6e000000)]
  0x7b1206a0 JavaThread "Unconstrained build operations Thread 24" [_thread_blocked, id=17824, stack(0x6e040000,0x6e090000)]
  0x7b120cf0 JavaThread "Unconstrained build operations Thread 25" [_thread_blocked, id=28292, stack(0x6e0d0000,0x6e120000)]
  0x6cc4bb30 JavaThread "Unconstrained build operations Thread 26" [_thread_blocked, id=24588, stack(0x6e160000,0x6e1b0000)]
  0x6cc4c4a8 JavaThread "Unconstrained build operations Thread 27" [_thread_blocked, id=31096, stack(0x6e4c0000,0x6e510000)]
  0x6cc4be58 JavaThread "Unconstrained build operations Thread 28" [_thread_blocked, id=13220, stack(0x6e550000,0x6e5a0000)]
  0x6cc4c180 JavaThread "Unconstrained build operations Thread 29" [_thread_blocked, id=29760, stack(0x6e5e0000,0x6e630000)]
  0x6cc4b808 JavaThread "Unconstrained build operations Thread 30" [_thread_blocked, id=27180, stack(0x6e670000,0x6e6c0000)]
  0x6caf81f0 JavaThread "Unconstrained build operations Thread 31" [_thread_blocked, id=27384, stack(0x6e700000,0x6e750000)]
  0x6cc52630 JavaThread "Unconstrained build operations Thread 32" [_thread_blocked, id=14592, stack(0x6e790000,0x6e7e0000)]
  0x6cc51340 JavaThread "Unconstrained build operations Thread 33" [_thread_blocked, id=25188, stack(0x6e820000,0x6e870000)]
=>0x6caf8b68 JavaThread "WorkerExecutor Queue Thread 3" [_thread_in_vm, id=3296, stack(0x6e8b0000,0x6e900000)]
  0x6731c1d0 JavaThread "WorkerExecutor Queue Thread 4" [_thread_blocked, id=13668, stack(0x6e940000,0x6e990000)]
  0x720b2008 JavaThread "WorkerExecutor Queue Thread 5" [_thread_blocked, id=12204, stack(0x6e9d0000,0x6ea20000)]
  0x7b11f698 JavaThread "WorkerExecutor Queue Thread 6" [_thread_blocked, id=11240, stack(0x6ea60000,0x6eab0000)]
  0x7b11f370 JavaThread "WorkerExecutor Queue Thread 7" [_thread_blocked, id=17816, stack(0x6eaf0000,0x6eb40000)]
  0x7b11f9c0 JavaThread "WorkerExecutor Queue Thread 8" [_thread_blocked, id=26976, stack(0x6eb80000,0x6ebd0000)]
  0x6cd5daf8 JavaThread "WorkerExecutor Queue Thread 9" [_thread_blocked, id=14120, stack(0x6ec10000,0x6ec60000)]
  0x6c42ebe0 JavaThread "WorkerExecutor Queue Thread 10" [_thread_blocked, id=19808, stack(0x6eca0000,0x6ecf0000)]
  0x6c42e268 JavaThread "WorkerExecutor Queue Thread 11" [_thread_blocked, id=25588, stack(0x6ed30000,0x6ed80000)]
  0x6c42e8b8 JavaThread "WorkerExecutor Queue Thread 12" [_thread_blocked, id=4564, stack(0x6edc0000,0x6ee10000)]
  0x720b2330 JavaThread "Unconstrained build operations Thread 34" [_thread_blocked, id=27028, stack(0x6ee50000,0x6eea0000)]
  0x6c42fba8 JavaThread "pool-9-thread-1" [_thread_blocked, id=27548, stack(0x6eee0000,0x6ef30000)]
  0x6cc51cb8 JavaThread "stderr" [_thread_in_native, id=30628, stack(0x6ef70000,0x6efc0000)]
  0x6cc52958 JavaThread "stdout" [_thread_in_native, id=31336, stack(0x6f000000,0x6f050000)]
  0x6cd5d180 JavaThread "stderr" [_thread_in_native, id=16176, stack(0x6f090000,0x6f0e0000)]
  0x6cd5d4a8 JavaThread "stdout" [_thread_in_native, id=6648, stack(0x6f120000,0x6f170000)]
  0x6cd5d7d0 JavaThread "stderr" [_thread_in_native, id=14368, stack(0x6f1b0000,0x6f200000)]
  0x6cd5de20 JavaThread "stdout" [_thread_in_native, id=28824, stack(0x6f240000,0x6f290000)]
  0x6caf8e90 JavaThread "stderr" [_thread_in_native, id=10668, stack(0x6f2d0000,0x6f320000)]
  0x6caf9808 JavaThread "stdout" [_thread_in_native, id=14276, stack(0x6f360000,0x6f3b0000)]
  0x6c672bb8 JavaThread "stderr" [_thread_in_native, id=13336, stack(0x6f3f0000,0x6f440000)]
  0x6c672890 JavaThread "stdout" [_thread_in_native, id=29100, stack(0x6f480000,0x6f4d0000)]
  0x6cd5e798 JavaThread "stderr" [_thread_in_native, id=25956, stack(0x6f510000,0x6f560000)]
  0x6cd5e148 JavaThread "stdout" [_thread_in_native, id=24100, stack(0x6f5a0000,0x6f5f0000)]
  0x6c42ef08 JavaThread "stderr" [_thread_in_native, id=29680, stack(0x6f630000,0x6f680000)]
  0x6c42f230 JavaThread "stdout" [_thread_in_native, id=30740, stack(0x6f6c0000,0x6f710000)]
  0x6cbacfd8 JavaThread "stderr" [_thread_in_native, id=9300, stack(0x6f750000,0x6f7a0000)]
  0x6cbac988 JavaThread "stdout" [_thread_in_native, id=9432, stack(0x6f7e0000,0x6f830000)]
  0x6731bea8 JavaThread "Unconstrained build operations Thread 35" [_thread_blocked, id=22456, stack(0x6f870000,0x6f8c0000)]
  0x6731b858 JavaThread "Unconstrained build operations Thread 36" [_thread_blocked, id=17424, stack(0x6f900000,0x6f950000)]
  0x6cd5cb30 JavaThread "Unconstrained build operations Thread 37" [_thread_blocked, id=23620, stack(0x6f990000,0x6f9e0000)]
  0x6cd5e470 JavaThread "Unconstrained build operations Thread 38" [_thread_blocked, id=14196, stack(0x6fa20000,0x6fa70000)]
  0x6cd5ce58 JavaThread "Unconstrained build operations Thread 39" [_thread_blocked, id=25540, stack(0x6fab0000,0x6fb00000)]
  0x7b316730 JavaThread "Unconstrained build operations Thread 40" [_thread_blocked, id=32504, stack(0x6fb40000,0x6fb90000)]
  0x7b317a20 JavaThread "Unconstrained build operations Thread 41" [_thread_blocked, id=32668, stack(0x6fe00000,0x6fe50000)]
  0x6731bb80 JavaThread "Unconstrained build operations Thread 42" [_thread_blocked, id=30996, stack(0x6fe90000,0x6fee0000)]
  0x6731c4f8 JavaThread "Unconstrained build operations Thread 43" [_thread_blocked, id=23044, stack(0x6ff20000,0x6ff70000)]
  0x7b31aef0 JavaThread "Unconstrained build operations Thread 44" [_thread_blocked, id=8792, stack(0x6ffb0000,0x70000000)]
  0x7b31b218 JavaThread "Unconstrained build operations Thread 45" [_thread_blocked, id=32464, stack(0x70040000,0x70090000)]
  0x7b316d80 JavaThread "Unconstrained build operations Thread 46" [_thread_blocked, id=14772, stack(0x6d590000,0x6d5e0000)]
  0x6c672ee0 JavaThread "Unconstrained build operations Thread 47" [_thread_blocked, id=26584, stack(0x700d0000,0x70120000)]
  0x6cbac338 JavaThread "Unconstrained build operations Thread 48" [_thread_blocked, id=8228, stack(0x70160000,0x701b0000)]
  0x6cbac660 JavaThread "Unconstrained build operations Thread 49" [_thread_blocked, id=29576, stack(0x701f0000,0x70240000)]
  0x7b588c90 JavaThread "Unconstrained build operations Thread 50" [_thread_blocked, id=3768, stack(0x70330000,0x70380000)]
  0x7b587028 JavaThread "Unconstrained build operations Thread 51" [_thread_blocked, id=28496, stack(0x705e0000,0x70630000)]
  0x7b587ff0 JavaThread "Unconstrained build operations Thread 52" [_thread_blocked, id=19568, stack(0x70670000,0x706c0000)]
  0x7b588318 JavaThread "Unconstrained build operations Thread 53" [_thread_blocked, id=11424, stack(0x70700000,0x70750000)]
  0x7b587350 JavaThread "Unconstrained build operations Thread 54" [_thread_blocked, id=10392, stack(0x70790000,0x707e0000)]
  0x7b587678 JavaThread "Unconstrained build operations Thread 55" [_thread_blocked, id=7096, stack(0x70820000,0x70870000)]
  0x7b31a578 JavaThread "Unconstrained build operations Thread 56" [_thread_blocked, id=12612, stack(0x708b0000,0x70900000)]
  0x7b11bcf0 JavaThread "WorkerExecutor Queue Thread 13" [_thread_blocked, id=15928, stack(0x00de0000,0x00e30000)]
  0x6c3a2cc0 JavaThread "Unconstrained build operations Thread 57" [_thread_blocked, id=15372, stack(0x70b80000,0x70bd0000)]
  0x6c3a3638 JavaThread "Unconstrained build operations Thread 58" [_thread_blocked, id=29396, stack(0x70c10000,0x70c60000)]
  0x6c3a2fe8 JavaThread "Unconstrained build operations Thread 59" [_thread_blocked, id=5012, stack(0x70ca0000,0x70cf0000)]
  0x6c3a2348 JavaThread "Unconstrained build operations Thread 60" [_thread_blocked, id=11852, stack(0x70d30000,0x70d80000)]
  0x6c3a3310 JavaThread "Unconstrained build operations Thread 61" [_thread_blocked, id=25256, stack(0x70dc0000,0x70e10000)]
  0x6c3a3960 JavaThread "Unconstrained build operations Thread 62" [_thread_blocked, id=25972, stack(0x70e50000,0x70ea0000)]
  0x6c3a3c88 JavaThread "Unconstrained build operations Thread 63" [_thread_blocked, id=27288, stack(0x70ee0000,0x70f30000)]
  0x6c3a2670 JavaThread "Unconstrained build operations Thread 64" [_thread_blocked, id=5580, stack(0x70f70000,0x70fc0000)]
  0x6c3a2998 JavaThread "Unconstrained build operations Thread 65" [_thread_blocked, id=26144, stack(0x71000000,0x71050000)]
  0x7b3170a8 JavaThread "Unconstrained build operations Thread 66" [_thread_blocked, id=21496, stack(0x71090000,0x710e0000)]
  0x7b3160e0 JavaThread "Unconstrained build operations Thread 67" [_thread_blocked, id=20408, stack(0x71120000,0x71170000)]
  0x7b2fdc70 JavaThread "Unconstrained build operations Thread 68" [_thread_blocked, id=32060, stack(0x6df20000,0x6df70000)]
  0x7b6a81d0 JavaThread "Unconstrained build operations Thread 69" [_thread_blocked, id=2076, stack(0x711b0000,0x71200000)]
  0x7b6a84f8 JavaThread "Unconstrained build operations Thread 70" [_thread_blocked, id=12188, stack(0x71240000,0x71290000)]
  0x7b6a9198 JavaThread "Unconstrained build operations Thread 71" [_thread_blocked, id=30156, stack(0x712d0000,0x71320000)]
  0x7b6a9b10 JavaThread "Unconstrained build operations Thread 72" [_thread_blocked, id=28608, stack(0x715b0000,0x71600000)]
  0x7b6a97e8 JavaThread "Unconstrained build operations Thread 73" [_thread_blocked, id=26200, stack(0x71680000,0x716d0000)]
  0x7b6a8820 JavaThread "Unconstrained build operations Thread 74" [_thread_blocked, id=28540, stack(0x72df0000,0x72e40000)]
  0x7b6a8b48 JavaThread "Unconstrained build operations Thread 75" [_thread_blocked, id=14912, stack(0x72e80000,0x72ed0000)]
  0x7b316408 JavaThread "Unconstrained build operations Thread 76" [_thread_blocked, id=26788, stack(0x72f10000,0x72f60000)]
  0x7b316a58 JavaThread "Unconstrained build operations Thread 77" [_thread_blocked, id=5900, stack(0x72fa0000,0x72ff0000)]
  0x7b3173d0 JavaThread "Unconstrained build operations Thread 78" [_thread_blocked, id=272, stack(0x73030000,0x73080000)]
  0x7b588968 JavaThread "Unconstrained build operations Thread 79" [_thread_blocked, id=19096, stack(0x730c0000,0x73110000)]
  0x7b5879a0 JavaThread "Unconstrained build operations Thread 80" [_thread_blocked, id=24280, stack(0x73150000,0x731a0000)]
  0x7b587cc8 JavaThread "Unconstrained build operations Thread 81" [_thread_blocked, id=32388, stack(0x731e0000,0x73230000)]
  0x7b588640 JavaThread "Unconstrained build operations Thread 82" [_thread_blocked, id=20044, stack(0x73270000,0x732c0000)]
  0x720b19b8 JavaThread "Unconstrained build operations Thread 83" [_thread_blocked, id=29204, stack(0x73300000,0x73350000)]
  0x723914e8 JavaThread "Unconstrained build operations Thread 84" [_thread_blocked, id=12672, stack(0x73390000,0x733e0000)]
  0x72391810 JavaThread "Unconstrained build operations Thread 85" [_thread_blocked, id=21916, stack(0x73420000,0x73470000)]
  0x7b31a8a0 JavaThread "Unconstrained build operations Thread 86" [_thread_blocked, id=12352, stack(0x734b0000,0x73500000)]
  0x7b31abc8 JavaThread "Unconstrained build operations Thread 87" [_thread_blocked, id=27932, stack(0x73540000,0x73590000)]
  0x72390e98 JavaThread "Unconstrained build operations Thread 88" [_thread_blocked, id=20984, stack(0x735d0000,0x73620000)]
  0x72391b38 JavaThread "Unconstrained build operations Thread 89" [_thread_blocked, id=14572, stack(0x73660000,0x736b0000)]
  0x6caf8518 JavaThread "Unconstrained build operations Thread 90" [_thread_blocked, id=17832, stack(0x736f0000,0x73740000)]
  0x7b2fd620 JavaThread "Unconstrained build operations Thread 91" [_thread_blocked, id=14384, stack(0x73780000,0x737d0000)]
  0x7b2fcfd0 JavaThread "Unconstrained build operations Thread 92" [_thread_blocked, id=22212, stack(0x73810000,0x73860000)]
  0x7b2fd948 JavaThread "Unconstrained build operations Thread 93" [_thread_blocked, id=9396, stack(0x738a0000,0x738f0000)]
  0x723911c0 JavaThread "Unconstrained build operations Thread 94" [_thread_blocked, id=7568, stack(0x73930000,0x73980000)]
  0x6cf6f8c8 JavaThread "Unconstrained build operations Thread 95" [_thread_blocked, id=29908, stack(0x739c0000,0x73a10000)]
  0x6cf70240 JavaThread "Unconstrained build operations Thread 96" [_thread_blocked, id=27272, stack(0x73aa0000,0x73af0000)]
  0x6cf6ff18 JavaThread "Unconstrained build operations Thread 97" [_thread_blocked, id=25148, stack(0x73b30000,0x73b80000)]
  0x7b2fdf98 JavaThread "Unconstrained build operations Thread 98" [_thread_blocked, id=17404, stack(0x73bc0000,0x73c10000)]
  0x7b2fd2f8 JavaThread "Unconstrained build operations Thread 99" [_thread_blocked, id=25304, stack(0x73c50000,0x73ca0000)]
  0x7b2fe2c0 JavaThread "Unconstrained build operations Thread 100" [_thread_blocked, id=8880, stack(0x73ce0000,0x73d30000)]
  0x7b2fe910 JavaThread "Unconstrained build operations Thread 101" [_thread_blocked, id=5132, stack(0x73d70000,0x73dc0000)]
  0x6cf6fbf0 JavaThread "Unconstrained build operations Thread 102" [_thread_blocked, id=22628, stack(0x73f10000,0x73f60000)]
  0x6cf70568 JavaThread "Unconstrained build operations Thread 103" [_thread_blocked, id=1564, stack(0x741d0000,0x74220000)]
  0x6cf70890 JavaThread "Unconstrained build operations Thread 104" [_thread_blocked, id=16300, stack(0x74260000,0x742b0000)]
  0x6c42f558 JavaThread "Cache worker for Java compile cache (C:\Users\Agent17\.gradle\caches\8.11.1\javaCompile)" [_thread_blocked, id=7688, stack(0x74390000,0x743e0000)]
  0x6c42fed0 JavaThread "Build operations" [_thread_blocked, id=8836, stack(0x74700000,0x74750000)]
  0x6c42f880 JavaThread "Build operations Thread 2" [_thread_blocked, id=24024, stack(0x74790000,0x747e0000)]
  0x72d04568 JavaThread "Build operations Thread 3" [_thread_blocked, id=16276, stack(0x74820000,0x74870000)]
  0x6c623e40 JavaThread "Build operations Thread 4" [_thread_blocked, id=18532, stack(0x748b0000,0x74900000)]
  0x6c624490 JavaThread "Build operations Thread 5" [_thread_blocked, id=12724, stack(0x749a0000,0x749f0000)]
  0x6c624e08 JavaThread "Build operations Thread 6" [_thread_blocked, id=12772, stack(0x74a90000,0x74ae0000)]
  0x6c625130 JavaThread "Build operations Thread 7" [_thread_blocked, id=14180, stack(0x74b20000,0x74b70000)]
  0x6c6237f0 JavaThread "Build operations Thread 8" [_thread_blocked, id=2128, stack(0x74bb0000,0x74c00000)]
  0x6c6247b8 JavaThread "Build operations Thread 9" [_thread_blocked, id=28648, stack(0x75320000,0x75370000)]
  0x6c624168 JavaThread "Build operations Thread 10" [_thread_blocked, id=9420, stack(0x75a20000,0x75a70000)]
  0x7b6a8e70 JavaThread "Build operations Thread 11" [_thread_blocked, id=13612, stack(0x75af0000,0x75b40000)]
  0x7b317d48 JavaThread "Unconstrained build operations Thread 105" [_thread_blocked, id=17188, stack(0x00e70000,0x00ec0000)]
  0x7b3176f8 JavaThread "Unconstrained build operations Thread 106" [_thread_blocked, id=11064, stack(0x00f00000,0x00f50000)]
  0x7b1e2070 JavaThread "Unconstrained build operations Thread 107" [_thread_blocked, id=10532, stack(0x75fa0000,0x75ff0000)]
  0x7b538618 JavaThread "Unconstrained build operations Thread 108" [_thread_blocked, id=5212, stack(0x76030000,0x76080000)]
  0x7b537650 JavaThread "Unconstrained build operations Thread 109" [_thread_blocked, id=24056, stack(0x76690000,0x766e0000)]
  0x7b538f90 JavaThread "Unconstrained build operations Thread 110" [_thread_blocked, id=26744, stack(0x76720000,0x76770000)]
  0x7b537ca0 JavaThread "Unconstrained build operations Thread 111" [_thread_blocked, id=25216, stack(0x76df0000,0x76e40000)]
  0x7b538c68 JavaThread "Unconstrained build operations Thread 112" [_thread_blocked, id=6532, stack(0x76e80000,0x76ed0000)]
  0x7b537978 JavaThread "Unconstrained build operations Thread 113" [_thread_blocked, id=13728, stack(0x76f10000,0x76f60000)]
  0x7b537fc8 JavaThread "Unconstrained build operations Thread 114" [_thread_blocked, id=7432, stack(0x76fa0000,0x76ff0000)]
  0x7b537328 JavaThread "Unconstrained build operations Thread 115" [_thread_blocked, id=2756, stack(0x77030000,0x77080000)]
  0x7b6a94c0 JavaThread "ForkJoinPool-1-worker-1" daemon [_thread_blocked, id=20796, stack(0x770c0000,0x77110000)]
  0x7b6a7ea8 JavaThread "ForkJoinPool-1-worker-2" daemon [_thread_blocked, id=24592, stack(0x77150000,0x771a0000)]
  0x7b11b050 JavaThread "ForkJoinPool-1-worker-3" daemon [_thread_blocked, id=15792, stack(0x771e0000,0x77230000)]
  0x7b538940 JavaThread "ForkJoinPool-1-worker-4" daemon [_thread_blocked, id=19520, stack(0x77270000,0x772c0000)]
  0x7b11b9c8 JavaThread "ForkJoinPool-1-worker-5" daemon [_thread_blocked, id=20336, stack(0x77300000,0x77350000)]
  0x6cf70bb8 JavaThread "ForkJoinPool-1-worker-6" daemon [_thread_blocked, id=15208, stack(0x77390000,0x773e0000)]

Other Threads:
  0x00d026e0 VMThread "VM Thread" [stack: 0x038f0000,0x03940000] [id=10660]
  0x65dfe6d8 WatcherThread [stack: 0x677a0000,0x677f0000] [id=8856]

Threads with active compile tasks:

VM state: not at safepoint (normal execution)

VM Mutex/Monitor currently owned by a thread:  ([mutex/lock_event])
[0x03a025b8] Metaspace_lock - owner thread: 0x6caf8b68

GC Precious Log:
 CPUs: 12 total, 12 available
 Memory: 16081M
 Large Page Support: Disabled
 NUMA Support: Disabled
 Compressed Oops: Disabled
 Heap Min Capacity: 6M
 Heap Initial Capacity: 16M
 Heap Max Capacity: 1536M
 Pre-touch: Disabled

Heap:
 def new generation   total 139136K, used 19043K [0x05c00000, 0x0f2f0000, 0x25c00000)
  eden space 123712K,   7% used [0x05c00000, 0x06507e78, 0x0d4d0000)
  from space 15424K,  63% used [0x0d4d0000, 0x0de610b8, 0x0e3e0000)
  to   space 15424K,   0% used [0x0e3e0000, 0x0e3e0000, 0x0f2f0000)
 tenured generation   total 307408K, used 295259K [0x25c00000, 0x38834000, 0x65c00000)
   the space 307408K,  96% used [0x25c00000, 0x37c56cc8, 0x37c56e00, 0x38834000)
 Metaspace       used 96996K, committed 97536K, reserved 98304K

Card table byte_map: [0x03390000,0x036a0000] _byte_map_base: 0x03362000

Polling page: 0x032e0000

Metaspace:

Usage:
   94.72 MB used.

Virtual space:
     96.00 MB reserved,      95.25 MB (>99%) committed,  6 nodes.

Chunk freelists:
0 bytes

MaxMetaspaceSize: unlimited
No class space
Initial GC threshold: 16.00 MB
Current GC threshold: 148.25 MB
CDS: off
MetaspaceReclaimPolicy: balanced
 - commit_granule_bytes: 65536.
 - commit_granule_words: 16384.
 - virtual_space_node_default_size: 4194304.
 - enlarge_chunks_in_place: 1.
 - new_chunks_are_fully_committed: 0.
 - uncommit_free_chunks: 1.
 - use_allocation_guard: 0.
 - handle_deallocations: 1.


Internal statistics:

num_allocs_failed_limit: 6.
num_arena_births: 1015.
num_arena_deaths: 295.
num_vsnodes_births: 6.
num_vsnodes_deaths: 0.
num_space_committed: 1524.
num_space_uncommitted: 0.
num_chunks_returned_to_freelist: 330.
num_chunks_taken_from_freelist: 4467.
num_chunk_merges: 122.
num_chunk_splits: 3167.
num_chunks_enlarged: 2511.
num_inconsistent_stats: 0.

CodeCache: size=32768Kb used=20256Kb max_used=29889Kb free=12511Kb
 bounds [0x03a70000, 0x057b0000, 0x05a70000]
 total_blobs=14663 nmethods=14138 adapters=456
 compilation: enabled
              stopped_count=0, restarted_count=0
 full_count=0

Compilation events (20 events):
Event: 441.601 Thread 0x65cb0638 30055             java.lang.management.MemoryUsage::getUsed (5 bytes)
Event: 441.601 Thread 0x65cb0638 nmethod 30055 0x04499888 code [0x04499990, 0x04499a60]
Event: 441.602 Thread 0x65cb0638 30056             org.gradle.launcher.daemon.server.health.gc.GarbageCollectionEvent::getUsage (5 bytes)
Event: 441.602 Thread 0x65cb0638 nmethod 30056 0x04e0b288 code [0x04e0b390, 0x04e0b460]
Event: 441.618 Thread 0x65cb0638 30059             java.io.RandomAccessFile::<init> (262 bytes)
Event: 441.619 Thread 0x65cb0638 nmethod 30059 0x05787748 code [0x057879b0, 0x05788224]
Event: 441.619 Thread 0x65cb0638 30060             org.gradle.internal.serialize.InputStreamBackedDecoder::readInt (8 bytes)
Event: 441.619 Thread 0x65cb0638 nmethod 30060 0x03cd2308 code [0x03cd2420, 0x03cd250c]
Event: 441.758 Thread 0x65cb0638 30062             jdk.internal.loader.ClassLoaders::platformClassLoader (4 bytes)
Event: 441.758 Thread 0x65cb0638 nmethod 30062 0x0533bfc8 code [0x0533c0d0, 0x0533c190]
Event: 441.758 Thread 0x65cb0638 30061             java.lang.System$2::createOrGetClassLoaderValueMap (5 bytes)
Event: 441.758 Thread 0x65cb0638 nmethod 30061 0x03d6b548 code [0x03d6b660, 0x03d6b72c]
Event: 441.758 Thread 0x65cb0638 30064             java.util.zip.ZipFile::<init> (144 bytes)
Event: 441.759 Thread 0x65cb0638 nmethod 30064 0x03e3d388 code [0x03e3d600, 0x03e3e1d0]
Event: 441.759 Thread 0x65cb0638 30063             java.util.ImmutableCollections$ListItr::<init> (25 bytes)
Event: 441.760 Thread 0x65cb0638 nmethod 30063 0x05761a88 code [0x05761b90, 0x05761c60]
Event: 441.760 Thread 0x65cb0638 30065             java.lang.Character::isJavaIdentifierPart (9 bytes)
Event: 441.760 Thread 0x65cb0638 nmethod 30065 0x03d6eb08 code [0x03d6ec30, 0x03d6ed28]
Event: 441.760 Thread 0x65cb0638 30066             java.lang.CharacterDataLatin1::isJavaIdentifierPart (20 bytes)
Event: 441.760 Thread 0x65cb0638 nmethod 30066 0x03cd6b88 code [0x03cd6ca0, 0x03cd6dc0]

GC Heap History (20 events):
Event: 422.943 GC heap before
{Heap before GC invocations=254 (full 8):
 def new generation   total 139136K, used 123712K [0x05c00000, 0x0f2f0000, 0x25c00000)
  eden space 123712K, 100% used [0x05c00000, 0x0d4d0000, 0x0d4d0000)
  from space 15424K,   0% used [0x0d4d0000, 0x0d4d0000, 0x0e3e0000)
  to   space 15424K,   0% used [0x0e3e0000, 0x0e3e0000, 0x0f2f0000)
 tenured generation   total 307408K, used 184443K [0x25c00000, 0x38834000, 0x65c00000)
   the space 307408K,  59% used [0x25c00000, 0x3101ed50, 0x3101ee00, 0x38834000)
 Metaspace       used 90571K, committed 91072K, reserved 98304K
}
Event: 423.011 GC heap after
{Heap after GC invocations=255 (full 8):
 def new generation   total 139136K, used 15423K [0x05c00000, 0x0f2f0000, 0x25c00000)
  eden space 123712K,   0% used [0x05c00000, 0x05c00000, 0x0d4d0000)
  from space 15424K,  99% used [0x0e3e0000, 0x0f2efff8, 0x0f2f0000)
  to   space 15424K,   0% used [0x0d4d0000, 0x0d4d0000, 0x0e3e0000)
 tenured generation   total 307408K, used 197840K [0x25c00000, 0x38834000, 0x65c00000)
   the space 307408K,  64% used [0x25c00000, 0x31d34280, 0x31d34400, 0x38834000)
 Metaspace       used 90571K, committed 91072K, reserved 98304K
}
Event: 425.582 GC heap before
{Heap before GC invocations=255 (full 8):
 def new generation   total 139136K, used 139135K [0x05c00000, 0x0f2f0000, 0x25c00000)
  eden space 123712K, 100% used [0x05c00000, 0x0d4d0000, 0x0d4d0000)
  from space 15424K,  99% used [0x0e3e0000, 0x0f2efff8, 0x0f2f0000)
  to   space 15424K,   0% used [0x0d4d0000, 0x0d4d0000, 0x0e3e0000)
 tenured generation   total 307408K, used 197840K [0x25c00000, 0x38834000, 0x65c00000)
   the space 307408K,  64% used [0x25c00000, 0x31d34280, 0x31d34400, 0x38834000)
 Metaspace       used 91677K, committed 92160K, reserved 98304K
}
Event: 425.708 GC heap after
{Heap after GC invocations=256 (full 8):
 def new generation   total 139136K, used 15424K [0x05c00000, 0x0f2f0000, 0x25c00000)
  eden space 123712K,   0% used [0x05c00000, 0x05c00000, 0x0d4d0000)
  from space 15424K, 100% used [0x0d4d0000, 0x0e3e0000, 0x0e3e0000)
  to   space 15424K,   0% used [0x0e3e0000, 0x0e3e0000, 0x0f2f0000)
 tenured generation   total 307408K, used 225274K [0x25c00000, 0x38834000, 0x65c00000)
   the space 307408K,  73% used [0x25c00000, 0x337febd8, 0x337fec00, 0x38834000)
 Metaspace       used 91677K, committed 92160K, reserved 98304K
}
Event: 426.405 GC heap before
{Heap before GC invocations=256 (full 8):
 def new generation   total 139136K, used 139136K [0x05c00000, 0x0f2f0000, 0x25c00000)
  eden space 123712K, 100% used [0x05c00000, 0x0d4d0000, 0x0d4d0000)
  from space 15424K, 100% used [0x0d4d0000, 0x0e3e0000, 0x0e3e0000)
  to   space 15424K,   0% used [0x0e3e0000, 0x0e3e0000, 0x0f2f0000)
 tenured generation   total 307408K, used 225274K [0x25c00000, 0x38834000, 0x65c00000)
   the space 307408K,  73% used [0x25c00000, 0x337febd8, 0x337fec00, 0x38834000)
 Metaspace       used 92090K, committed 92544K, reserved 98304K
}
Event: 426.448 GC heap after
{Heap after GC invocations=257 (full 8):
 def new generation   total 139136K, used 5418K [0x05c00000, 0x0f2f0000, 0x25c00000)
  eden space 123712K,   0% used [0x05c00000, 0x05c00000, 0x0d4d0000)
  from space 15424K,  35% used [0x0e3e0000, 0x0e92a9b8, 0x0f2f0000)
  to   space 15424K,   0% used [0x0d4d0000, 0x0d4d0000, 0x0e3e0000)
 tenured generation   total 307408K, used 240509K [0x25c00000, 0x38834000, 0x65c00000)
   the space 307408K,  78% used [0x25c00000, 0x346df4e0, 0x346df600, 0x38834000)
 Metaspace       used 92090K, committed 92544K, reserved 98304K
}
Event: 427.645 GC heap before
{Heap before GC invocations=257 (full 8):
 def new generation   total 139136K, used 127395K [0x05c00000, 0x0f2f0000, 0x25c00000)
  eden space 123712K,  98% used [0x05c00000, 0x0d31e3f8, 0x0d4d0000)
  from space 15424K,  35% used [0x0e3e0000, 0x0e92a9b8, 0x0f2f0000)
  to   space 15424K,   0% used [0x0d4d0000, 0x0d4d0000, 0x0e3e0000)
 tenured generation   total 307408K, used 240509K [0x25c00000, 0x38834000, 0x65c00000)
   the space 307408K,  78% used [0x25c00000, 0x346df4e0, 0x346df600, 0x38834000)
 Metaspace       used 93511K, committed 94016K, reserved 98304K
}
Event: 427.660 GC heap after
{Heap after GC invocations=258 (full 8):
 def new generation   total 139136K, used 8924K [0x05c00000, 0x0f2f0000, 0x25c00000)
  eden space 123712K,   0% used [0x05c00000, 0x05c00000, 0x0d4d0000)
  from space 15424K,  57% used [0x0d4d0000, 0x0dd87100, 0x0e3e0000)
  to   space 15424K,   0% used [0x0e3e0000, 0x0e3e0000, 0x0f2f0000)
 tenured generation   total 307408K, used 240509K [0x25c00000, 0x38834000, 0x65c00000)
   the space 307408K,  78% used [0x25c00000, 0x346df4e0, 0x346df600, 0x38834000)
 Metaspace       used 93511K, committed 94016K, reserved 98304K
}
Event: 430.204 GC heap before
{Heap before GC invocations=258 (full 8):
 def new generation   total 139136K, used 132636K [0x05c00000, 0x0f2f0000, 0x25c00000)
  eden space 123712K, 100% used [0x05c00000, 0x0d4d0000, 0x0d4d0000)
  from space 15424K,  57% used [0x0d4d0000, 0x0dd87100, 0x0e3e0000)
  to   space 15424K,   0% used [0x0e3e0000, 0x0e3e0000, 0x0f2f0000)
 tenured generation   total 307408K, used 240509K [0x25c00000, 0x38834000, 0x65c00000)
   the space 307408K,  78% used [0x25c00000, 0x346df4e0, 0x346df600, 0x38834000)
 Metaspace       used 94493K, committed 94976K, reserved 98304K
}
Event: 430.239 GC heap after
{Heap after GC invocations=259 (full 8):
 def new generation   total 139136K, used 15424K [0x05c00000, 0x0f2f0000, 0x25c00000)
  eden space 123712K,   0% used [0x05c00000, 0x05c00000, 0x0d4d0000)
  from space 15424K, 100% used [0x0e3e0000, 0x0f2f0000, 0x0f2f0000)
  to   space 15424K,   0% used [0x0d4d0000, 0x0d4d0000, 0x0e3e0000)
 tenured generation   total 307408K, used 248786K [0x25c00000, 0x38834000, 0x65c00000)
   the space 307408K,  80% used [0x25c00000, 0x34ef4928, 0x34ef4a00, 0x38834000)
 Metaspace       used 94493K, committed 94976K, reserved 98304K
}
Event: 431.766 GC heap before
{Heap before GC invocations=259 (full 8):
 def new generation   total 139136K, used 139136K [0x05c00000, 0x0f2f0000, 0x25c00000)
  eden space 123712K, 100% used [0x05c00000, 0x0d4d0000, 0x0d4d0000)
  from space 15424K, 100% used [0x0e3e0000, 0x0f2f0000, 0x0f2f0000)
  to   space 15424K,   0% used [0x0d4d0000, 0x0d4d0000, 0x0e3e0000)
 tenured generation   total 307408K, used 248786K [0x25c00000, 0x38834000, 0x65c00000)
   the space 307408K,  80% used [0x25c00000, 0x34ef4928, 0x34ef4a00, 0x38834000)
 Metaspace       used 94500K, committed 94976K, reserved 98304K
}
Event: 431.812 GC heap after
{Heap after GC invocations=260 (full 8):
 def new generation   total 139136K, used 13170K [0x05c00000, 0x0f2f0000, 0x25c00000)
  eden space 123712K,   0% used [0x05c00000, 0x05c00000, 0x0d4d0000)
  from space 15424K,  85% used [0x0d4d0000, 0x0e1acb00, 0x0e3e0000)
  to   space 15424K,   0% used [0x0e3e0000, 0x0e3e0000, 0x0f2f0000)
 tenured generation   total 307408K, used 263855K [0x25c00000, 0x38834000, 0x65c00000)
   the space 307408K,  85% used [0x25c00000, 0x35dabd60, 0x35dabe00, 0x38834000)
 Metaspace       used 94500K, committed 94976K, reserved 98304K
}
Event: 434.018 GC heap before
{Heap before GC invocations=260 (full 8):
 def new generation   total 139136K, used 136882K [0x05c00000, 0x0f2f0000, 0x25c00000)
  eden space 123712K, 100% used [0x05c00000, 0x0d4d0000, 0x0d4d0000)
  from space 15424K,  85% used [0x0d4d0000, 0x0e1acb00, 0x0e3e0000)
  to   space 15424K,   0% used [0x0e3e0000, 0x0e3e0000, 0x0f2f0000)
 tenured generation   total 307408K, used 263855K [0x25c00000, 0x38834000, 0x65c00000)
   the space 307408K,  85% used [0x25c00000, 0x35dabd60, 0x35dabe00, 0x38834000)
 Metaspace       used 95733K, committed 96192K, reserved 98304K
}
Event: 434.061 GC heap after
{Heap after GC invocations=261 (full 8):
 def new generation   total 139136K, used 12748K [0x05c00000, 0x0f2f0000, 0x25c00000)
  eden space 123712K,   0% used [0x05c00000, 0x05c00000, 0x0d4d0000)
  from space 15424K,  82% used [0x0e3e0000, 0x0f053090, 0x0f2f0000)
  to   space 15424K,   0% used [0x0d4d0000, 0x0d4d0000, 0x0e3e0000)
 tenured generation   total 307408K, used 276400K [0x25c00000, 0x38834000, 0x65c00000)
   the space 307408K,  89% used [0x25c00000, 0x369ec188, 0x369ec200, 0x38834000)
 Metaspace       used 95733K, committed 96192K, reserved 98304K
}
Event: 436.677 GC heap before
{Heap before GC invocations=261 (full 8):
 def new generation   total 139136K, used 136460K [0x05c00000, 0x0f2f0000, 0x25c00000)
  eden space 123712K, 100% used [0x05c00000, 0x0d4d0000, 0x0d4d0000)
  from space 15424K,  82% used [0x0e3e0000, 0x0f053090, 0x0f2f0000)
  to   space 15424K,   0% used [0x0d4d0000, 0x0d4d0000, 0x0e3e0000)
 tenured generation   total 307408K, used 276400K [0x25c00000, 0x38834000, 0x65c00000)
   the space 307408K,  89% used [0x25c00000, 0x369ec188, 0x369ec200, 0x38834000)
 Metaspace       used 96414K, committed 96960K, reserved 98304K
}
Event: 436.721 GC heap after
{Heap after GC invocations=262 (full 8):
 def new generation   total 139136K, used 10866K [0x05c00000, 0x0f2f0000, 0x25c00000)
  eden space 123712K,   0% used [0x05c00000, 0x05c00000, 0x0d4d0000)
  from space 15424K,  70% used [0x0d4d0000, 0x0df6cb38, 0x0e3e0000)
  to   space 15424K,   0% used [0x0e3e0000, 0x0e3e0000, 0x0f2f0000)
 tenured generation   total 307408K, used 288988K [0x25c00000, 0x38834000, 0x65c00000)
   the space 307408K,  94% used [0x25c00000, 0x376370d8, 0x37637200, 0x38834000)
 Metaspace       used 96414K, committed 96960K, reserved 98304K
}
Event: 439.005 GC heap before
{Heap before GC invocations=262 (full 8):
 def new generation   total 139136K, used 134578K [0x05c00000, 0x0f2f0000, 0x25c00000)
  eden space 123712K, 100% used [0x05c00000, 0x0d4d0000, 0x0d4d0000)
  from space 15424K,  70% used [0x0d4d0000, 0x0df6cb38, 0x0e3e0000)
  to   space 15424K,   0% used [0x0e3e0000, 0x0e3e0000, 0x0f2f0000)
 tenured generation   total 307408K, used 288988K [0x25c00000, 0x38834000, 0x65c00000)
   the space 307408K,  94% used [0x25c00000, 0x376370d8, 0x37637200, 0x38834000)
 Metaspace       used 96420K, committed 96960K, reserved 98304K
}
Event: 439.034 GC heap after
{Heap after GC invocations=263 (full 8):
 def new generation   total 139136K, used 5673K [0x05c00000, 0x0f2f0000, 0x25c00000)
  eden space 123712K,   0% used [0x05c00000, 0x05c00000, 0x0d4d0000)
  from space 15424K,  36% used [0x0e3e0000, 0x0e96a608, 0x0f2f0000)
  to   space 15424K,   0% used [0x0d4d0000, 0x0d4d0000, 0x0e3e0000)
 tenured generation   total 307408K, used 295259K [0x25c00000, 0x38834000, 0x65c00000)
   the space 307408K,  96% used [0x25c00000, 0x37c56cc8, 0x37c56e00, 0x38834000)
 Metaspace       used 96420K, committed 96960K, reserved 98304K
}
Event: 441.397 GC heap before
{Heap before GC invocations=263 (full 8):
 def new generation   total 139136K, used 129385K [0x05c00000, 0x0f2f0000, 0x25c00000)
  eden space 123712K, 100% used [0x05c00000, 0x0d4d0000, 0x0d4d0000)
  from space 15424K,  36% used [0x0e3e0000, 0x0e96a608, 0x0f2f0000)
  to   space 15424K,   0% used [0x0d4d0000, 0x0d4d0000, 0x0e3e0000)
 tenured generation   total 307408K, used 295259K [0x25c00000, 0x38834000, 0x65c00000)
   the space 307408K,  96% used [0x25c00000, 0x37c56cc8, 0x37c56e00, 0x38834000)
 Metaspace       used 96567K, committed 97152K, reserved 98304K
}
Event: 441.417 GC heap after
{Heap after GC invocations=264 (full 8):
 def new generation   total 139136K, used 9796K [0x05c00000, 0x0f2f0000, 0x25c00000)
  eden space 123712K,   0% used [0x05c00000, 0x05c00000, 0x0d4d0000)
  from space 15424K,  63% used [0x0d4d0000, 0x0de610b8, 0x0e3e0000)
  to   space 15424K,   0% used [0x0e3e0000, 0x0e3e0000, 0x0f2f0000)
 tenured generation   total 307408K, used 295259K [0x25c00000, 0x38834000, 0x65c00000)
   the space 307408K,  96% used [0x25c00000, 0x37c56cc8, 0x37c56e00, 0x38834000)
 Metaspace       used 96567K, committed 97152K, reserved 98304K
}

Dll operation events (14 events):
Event: 0.014 Loaded shared library C:\Users\Agent17\.bubblewrap\jdk\jdk-17.0.11+9\bin\java.dll
Event: 0.083 Loaded shared library C:\Users\Agent17\.bubblewrap\jdk\jdk-17.0.11+9\bin\zip.dll
Event: 0.086 Loaded shared library C:\Users\Agent17\.bubblewrap\jdk\jdk-17.0.11+9\bin\instrument.dll
Event: 0.094 Loaded shared library C:\Users\Agent17\.bubblewrap\jdk\jdk-17.0.11+9\bin\net.dll
Event: 0.096 Loaded shared library C:\Users\Agent17\.bubblewrap\jdk\jdk-17.0.11+9\bin\nio.dll
Event: 0.100 Loaded shared library C:\Users\Agent17\.bubblewrap\jdk\jdk-17.0.11+9\bin\zip.dll
Event: 0.111 Loaded shared library C:\Users\Agent17\.bubblewrap\jdk\jdk-17.0.11+9\bin\jimage.dll
Event: 0.342 Loaded shared library C:\Users\Agent17\.bubblewrap\jdk\jdk-17.0.11+9\bin\verify.dll
Event: 0.432 Loaded shared library C:\Users\Agent17\.gradle\native\c067742578af261105cb4f569cf0c3c89f3d7b1fecec35dd04571415982c5e48\windows-i386\native-platform.dll
Event: 0.452 Loaded shared library C:\Users\Agent17\.gradle\native\100fb08df4bc3b14c8652ba06237920a3bd2aa13389f12d3474272988ae205f9\windows-i386\native-platform-file-events.dll
Event: 1.138 Loaded shared library C:\Users\Agent17\.bubblewrap\jdk\jdk-17.0.11+9\bin\management.dll
Event: 1.142 Loaded shared library C:\Users\Agent17\.bubblewrap\jdk\jdk-17.0.11+9\bin\management_ext.dll
Event: 1.295 Loaded shared library C:\Users\Agent17\.bubblewrap\jdk\jdk-17.0.11+9\bin\extnet.dll
Event: 1.615 Loaded shared library C:\Users\Agent17\.bubblewrap\jdk\jdk-17.0.11+9\bin\sunmscapi.dll

Deoptimization events (20 events):
Event: 433.635 Thread 0x6caf8b68 DEOPT PACKING pc=0x03a85aa9 sp=0x6e8fced0
Event: 433.635 Thread 0x6caf8b68 DEOPT UNPACKING pc=0x03ab5587 sp=0x6e8fcd98 mode 3
Event: 433.641 Thread 0x6caf8b68 DEOPT PACKING pc=0x03cd2063 sp=0x6e8fce90
Event: 433.641 Thread 0x6caf8b68 DEOPT UNPACKING pc=0x03ab5587 sp=0x6e8fcd28 mode 3
Event: 433.903 Thread 0x6caf8b68 DEOPT PACKING pc=0x0497cf41 sp=0x6e8fe670
Event: 433.903 Thread 0x6caf8b68 DEOPT UNPACKING pc=0x03ab5587 sp=0x6e8fe4f8 mode 3
Event: 434.174 Thread 0x6caf8b68 DEOPT PACKING pc=0x03e7bff1 sp=0x6e8fe7b0
Event: 434.174 Thread 0x6caf8b68 DEOPT UNPACKING pc=0x03ab5587 sp=0x6e8fe678 mode 3
Event: 435.214 Thread 0x6caf8b68 DEOPT PACKING pc=0x03d3afcd sp=0x6e8fe2e0
Event: 435.214 Thread 0x6caf8b68 DEOPT UNPACKING pc=0x03ab5587 sp=0x6e8fe174 mode 3
Event: 436.725 Thread 0x6caf8b68 DEOPT PACKING pc=0x05771d4f sp=0x6e8fe510
Event: 436.725 Thread 0x6caf8b68 DEOPT UNPACKING pc=0x03ab5587 sp=0x6e8fe3b4 mode 3
Event: 437.378 Thread 0x6caf8b68 DEOPT PACKING pc=0x04d95ad4 sp=0x6e8fe7b0
Event: 437.378 Thread 0x6caf8b68 DEOPT UNPACKING pc=0x03ab5587 sp=0x6e8fe644 mode 3
Event: 438.086 Thread 0x6cf70bb8 DEOPT PACKING pc=0x03e0513c sp=0x773deb30
Event: 438.086 Thread 0x6cf70bb8 DEOPT UNPACKING pc=0x03ab5587 sp=0x773de9b8 mode 3
Event: 438.479 Thread 0x6caf8b68 DEOPT PACKING pc=0x040fb717 sp=0x6e8fe6b0
Event: 438.479 Thread 0x6caf8b68 DEOPT UNPACKING pc=0x03ab5587 sp=0x6e8fe544 mode 3
Event: 440.991 Thread 0x7b11b050 DEOPT PACKING pc=0x05788a91 sp=0x7722f070
Event: 440.991 Thread 0x7b11b050 DEOPT UNPACKING pc=0x03ab5587 sp=0x7722ef0c mode 3

Classes unloaded (20 events):
Event: 392.092 Thread 0x00d026e0 Unloading class 0x79272b58 'java/lang/invoke/LambdaForm$MH+0x79272b58'
Event: 392.092 Thread 0x00d026e0 Unloading class 0x79272320 'java/lang/invoke/LambdaForm$MH+0x79272320'
Event: 392.092 Thread 0x00d026e0 Unloading class 0x79271af8 'java/lang/invoke/LambdaForm$MH+0x79271af8'
Event: 392.092 Thread 0x00d026e0 Unloading class 0x792712d0 'java/lang/invoke/LambdaForm$MH+0x792712d0'
Event: 392.092 Thread 0x00d026e0 Unloading class 0x79270aa8 'java/lang/invoke/LambdaForm$MH+0x79270aa8'
Event: 392.092 Thread 0x00d026e0 Unloading class 0x78f25c18 'jdk/internal/reflect/GeneratedMethodAccessor11'
Event: 392.092 Thread 0x00d026e0 Unloading class 0x78d6c4f0 'org/gradle/plugin/use/internal/PluginsAwareScript$plugins'
Event: 392.092 Thread 0x00d026e0 Unloading class 0x78cccc18 'jdk/internal/reflect/GeneratedMethodAccessor8'
Event: 392.092 Thread 0x00d026e0 Unloading class 0x78373c18 'jdk/internal/reflect/GeneratedMethodAccessor5'
Event: 392.092 Thread 0x00d026e0 Unloading class 0x78aac418 'jdk/internal/reflect/GeneratedMethodAccessor4'
Event: 420.662 Thread 0x00d026e0 Unloading class 0x7c979a80 'java/lang/invoke/LambdaForm$DMH+0x7c979a80'
Event: 420.662 Thread 0x00d026e0 Unloading class 0x7c978e80 'java/lang/invoke/LambdaForm$DMH+0x7c978e80'
Event: 420.662 Thread 0x00d026e0 Unloading class 0x7c978a80 'java/lang/invoke/LambdaForm$DMH+0x7c978a80'
Event: 420.662 Thread 0x00d026e0 Unloading class 0x7c977e80 'java/lang/invoke/LambdaForm$DMH+0x7c977e80'
Event: 420.662 Thread 0x00d026e0 Unloading class 0x7c977a80 'java/lang/invoke/LambdaForm$DMH+0x7c977a80'
Event: 420.662 Thread 0x00d026e0 Unloading class 0x7c976680 'java/lang/invoke/LambdaForm$DMH+0x7c976680'
Event: 420.662 Thread 0x00d026e0 Unloading class 0x7c975e80 'java/lang/invoke/LambdaForm$DMH+0x7c975e80'
Event: 420.662 Thread 0x00d026e0 Unloading class 0x7c975a80 'java/lang/invoke/LambdaForm$DMH+0x7c975a80'
Event: 420.662 Thread 0x00d026e0 Unloading class 0x7c974a80 'java/lang/invoke/LambdaForm$DMH+0x7c974a80'
Event: 420.662 Thread 0x00d026e0 Unloading class 0x7c974280 'java/lang/invoke/LambdaForm$DMH+0x7c974280'

Classes redefined (0 events):
No events

Internal exceptions (20 events):
Event: 434.306 Thread 0x7b6a7ea8 Exception <a 'java/lang/NoSuchMethodError'{0x067dbe58}: 'java.lang.Object java.lang.invoke.Invokers$Holder.linkToTargetMethod(java.lang.Object, int, java.lang.Object, java.lang.Object, java.lang.Object, java.lang.Object, java.lang.Object, java.lang.Object, java.lang.Object, java.lang.Object, java.lang.Object, java.lang.Object, java.lang.Object)'> (0x067dbe58) 
thrown [s\src\hotspot\share\interpreter\linkResolver.cpp, line 759]
Event: 434.306 Thread 0x7b11b9c8 Exception <a 'java/lang/NoSuchMethodError'{0x0670bb30}: 'java.lang.Object java.lang.invoke.DirectMethodHandle$Holder.newInvokeSpecial(java.lang.Object, java.lang.Object, int, java.lang.Object, java.lang.Object, java.lang.Object, java.lang.Object, java.lang.Object, java.lang.Object, java.lang.Object, java.lang.Object, java.lang.Object, java.lang.Object)'> (0x0670bb30) 
thrown [s\src\hotspot\share\interpreter\linkResolver.cpp, line 759]
Event: 434.327 Thread 0x7b6a7ea8 Exception <a 'java/lang/IncompatibleClassChangeError'{0x067ff718}: Found class java.lang.Object, but interface was expected> (0x067ff718) 
thrown [s\src\hotspot\share\interpreter\linkResolver.cpp, line 826]
Event: 434.327 Thread 0x7b538940 Exception <a 'java/lang/IncompatibleClassChangeError'{0x0676f870}: Found class java.lang.Object, but interface was expected> (0x0676f870) 
thrown [s\src\hotspot\share\interpreter\linkResolver.cpp, line 826]
Event: 434.327 Thread 0x7b11b050 Exception <a 'java/lang/IncompatibleClassChangeError'{0x06648668}: Found class java.lang.Object, but interface was expected> (0x06648668) 
thrown [s\src\hotspot\share\interpreter\linkResolver.cpp, line 826]
Event: 434.327 Thread 0x7b6a94c0 Exception <a 'java/lang/IncompatibleClassChangeError'{0x06832a38}: Found class java.lang.Object, but interface was expected> (0x06832a38) 
thrown [s\src\hotspot\share\interpreter\linkResolver.cpp, line 826]
Event: 434.332 Thread 0x7b6a94c0 Exception <a 'java/lang/NoSuchMethodError'{0x0683cb80}: 'void java.lang.invoke.DirectMethodHandle$Holder.invokeSpecialIFC(java.lang.Object, java.lang.Object, java.lang.Object, java.lang.Object)'> (0x0683cb80) 
thrown [s\src\hotspot\share\interpreter\linkResolver.cpp, line 759]
Event: 434.332 Thread 0x7b11b050 Exception <a 'java/lang/NoSuchMethodError'{0x06653bc0}: 'void java.lang.invoke.DirectMethodHandle$Holder.invokeSpecialIFC(java.lang.Object, java.lang.Object, java.lang.Object, java.lang.Object)'> (0x06653bc0) 
thrown [s\src\hotspot\share\interpreter\linkResolver.cpp, line 759]
Event: 434.332 Thread 0x7b11b9c8 Exception <a 'java/lang/NoSuchMethodError'{0x0686f4b8}: 'void java.lang.invoke.DirectMethodHandle$Holder.invokeSpecialIFC(java.lang.Object, java.lang.Object, java.lang.Object, java.lang.Object)'> (0x0686f4b8) 
thrown [s\src\hotspot\share\interpreter\linkResolver.cpp, line 759]
Event: 434.334 Thread 0x7b11b9c8 Exception <a 'java/lang/NoSuchMethodError'{0x06879788}: 'java.lang.Object java.lang.invoke.DirectMethodHandle$Holder.invokeStatic(java.lang.Object, int, java.lang.Object, java.lang.Object, java.lang.Object, java.lang.Object)'> (0x06879788) 
thrown [s\src\hotspot\share\interpreter\linkResolver.cpp, line 759]
Event: 434.334 Thread 0x7b11b050 Exception <a 'java/lang/NoSuchMethodError'{0x06659718}: 'java.lang.Object java.lang.invoke.DirectMethodHandle$Holder.invokeStatic(java.lang.Object, int, java.lang.Object, java.lang.Object, java.lang.Object, java.lang.Object)'> (0x06659718) 
thrown [s\src\hotspot\share\interpreter\linkResolver.cpp, line 759]
Event: 434.334 Thread 0x7b6a94c0 Exception <a 'java/lang/NoSuchMethodError'{0x068426e0}: 'java.lang.Object java.lang.invoke.DirectMethodHandle$Holder.invokeStatic(java.lang.Object, int, java.lang.Object, java.lang.Object, java.lang.Object, java.lang.Object)'> (0x068426e0) 
thrown [s\src\hotspot\share\interpreter\linkResolver.cpp, line 759]
Event: 434.334 Thread 0x7b11b050 Exception <a 'java/lang/NoSuchMethodError'{0x06662328}: 'java.lang.Object java.lang.invoke.DirectMethodHandle$Holder.newInvokeSpecial(java.lang.Object, int, java.lang.Object, java.lang.Object, java.lang.Object)'> (0x06662328) 
thrown [s\src\hotspot\share\interpreter\linkResolver.cpp, line 759]
Event: 434.334 Thread 0x7b11b9c8 Exception <a 'java/lang/NoSuchMethodError'{0x068816d8}: 'java.lang.Object java.lang.invoke.DirectMethodHandle$Holder.newInvokeSpecial(java.lang.Object, int, java.lang.Object, java.lang.Object, java.lang.Object)'> (0x068816d8) 
thrown [s\src\hotspot\share\interpreter\linkResolver.cpp, line 759]
Event: 434.334 Thread 0x7b6a94c0 Exception <a 'java/lang/NoSuchMethodError'{0x0684a168}: 'java.lang.Object java.lang.invoke.DirectMethodHandle$Holder.newInvokeSpecial(java.lang.Object, int, java.lang.Object, java.lang.Object, java.lang.Object)'> (0x0684a168) 
thrown [s\src\hotspot\share\interpreter\linkResolver.cpp, line 759]
Event: 434.335 Thread 0x7b11b9c8 Exception <a 'java/lang/NoSuchMethodError'{0x068850e0}: 'java.lang.Object java.lang.invoke.DirectMethodHandle$Holder.invokeSpecial(java.lang.Object, java.lang.Object, int, java.lang.Object, java.lang.Object, java.lang.Object)'> (0x068850e0) 
thrown [s\src\hotspot\share\interpreter\linkResolver.cpp, line 759]
Event: 434.335 Thread 0x7b6a94c0 Exception <a 'java/lang/NoSuchMethodError'{0x069567b8}: 'java.lang.Object java.lang.invoke.DirectMethodHandle$Holder.invokeSpecial(java.lang.Object, java.lang.Object, int, java.lang.Object, java.lang.Object, java.lang.Object)'> (0x069567b8) 
thrown [s\src\hotspot\share\interpreter\linkResolver.cpp, line 759]
Event: 434.338 Thread 0x7b6a94c0 Exception <a 'java/lang/NoSuchMethodError'{0x06959b08}: 'java.lang.Object java.lang.invoke.Invokers$Holder.linkToTargetMethod(int, java.lang.Object, java.lang.Object, java.lang.Object, java.lang.Object)'> (0x06959b08) 
thrown [s\src\hotspot\share\interpreter\linkResolver.cpp, line 759]
Event: 434.361 Thread 0x7b6a94c0 Exception <a 'java/lang/IncompatibleClassChangeError'{0x06b09b08}: Found class java.lang.Object, but interface was expected> (0x06b09b08) 
thrown [s\src\hotspot\share\interpreter\linkResolver.cpp, line 826]
Event: 441.808 Thread 0x6caf8b68 Exception <a 'java/lang/ClassCastException'{0x06475248}: class kotlin.reflect.jvm.internal.ReflectionFactoryImpl cannot be cast to class com.android.tools.r8.internal.Ed0 (kotlin.reflect.jvm.internal.ReflectionFactoryImpl is in unnamed module of loader org.gradle.internal.classloader.VisitableURLClassLoader @11276c2; com.android.tools.r8.internal.Ed0 is in unnamed module of loader org.gradle.internal.classloader.VisitableURLClassLoader$InstrumentingVisitableURLClassLoader @9ea28)> (0x06475248) 
thrown [s\s

VM Operations (20 events):
Event: 436.677 Executing VM operation: GenCollectForAllocation
Event: 436.721 Executing VM operation: GenCollectForAllocation done
Event: 437.735 Executing VM operation: Cleanup
Event: 437.751 Executing VM operation: Cleanup done
Event: 438.766 Executing VM operation: Cleanup
Event: 438.767 Executing VM operation: Cleanup done
Event: 439.005 Executing VM operation: GenCollectForAllocation
Event: 439.034 Executing VM operation: GenCollectForAllocation done
Event: 440.034 Executing VM operation: Cleanup
Event: 440.034 Executing VM operation: Cleanup done
Event: 441.016 Executing VM operation: HandshakeAllThreads
Event: 441.017 Executing VM operation: HandshakeAllThreads done
Event: 441.017 Executing VM operation: HandshakeAllThreads
Event: 441.017 Executing VM operation: HandshakeAllThreads done
Event: 441.397 Executing VM operation: GenCollectForAllocation
Event: 441.418 Executing VM operation: GenCollectForAllocation done
Event: 441.463 Executing VM operation: HandshakeAllThreads
Event: 441.463 Executing VM operation: HandshakeAllThreads done
Event: 441.463 Executing VM operation: HandshakeAllThreads
Event: 441.464 Executing VM operation: HandshakeAllThreads done

Events (20 events):
Event: 441.469 Thread 0x65cb32e0 flushing nmethod 0x0495f348
Event: 441.469 Thread 0x65cb32e0 flushing nmethod 0x04972f88
Event: 441.469 Thread 0x65cb32e0 flushing nmethod 0x0497cdc8
Event: 441.469 Thread 0x65cb32e0 flushing nmethod 0x04980d48
Event: 441.470 Thread 0x65cb32e0 flushing nmethod 0x04bb7808
Event: 441.470 Thread 0x65cb32e0 flushing nmethod 0x04c8bf88
Event: 441.470 Thread 0x65cb32e0 flushing nmethod 0x04ca0cc8
Event: 441.470 Thread 0x65cb32e0 flushing nmethod 0x04d7b548
Event: 441.470 Thread 0x65cb32e0 flushing nmethod 0x04ea9cc8
Event: 441.472 Thread 0x65cb32e0 flushing nmethod 0x052b76c8
Event: 441.472 Thread 0x65cb32e0 flushing nmethod 0x052b8048
Event: 441.472 Thread 0x65cb32e0 flushing nmethod 0x052b9108
Event: 441.472 Thread 0x65cb32e0 flushing nmethod 0x052bc448
Event: 441.472 Thread 0x65cb32e0 flushing nmethod 0x0533bfc8
Event: 441.472 Thread 0x65cb32e0 flushing nmethod 0x0533c708
Event: 441.474 Thread 0x65cb32e0 flushing nmethod 0x0577f9c8
Event: 441.474 Thread 0x65cb32e0 flushing nmethod 0x0578c808
Event: 441.474 Thread 0x65cb32e0 flushing nmethod 0x0579c1c8
Event: 441.474 Thread 0x65cb32e0 flushing nmethod 0x057a4bc8
Event: 441.474 Thread 0x65cb32e0 flushing nmethod 0x057a4ec8


Dynamic libraries:
0x00400000 - 0x0040c000 	C:\Users\Agent17\.bubblewrap\jdk\jdk-17.0.11+9\bin\java.exe
0x013c0000 - 0x0157f000 	C:\WINDOWS\SYSTEM32\ntd1l.dll
0x00f50000 - 0x01040000 	C:\WINDOWS\System32\kern3l32.dll
0x77580000 - 0x7773f000 	C:\WINDOWS\SYSTEM32\ntdll.dll
0x76490000 - 0x76580000 	C:\WINDOWS\System32\KERNEL32.DLL
0x768e0000 - 0x76bb5000 	C:\WINDOWS\System32\KERNELBASE.dll
0x69980000 - 0x69a2e000 	C:\WINDOWS\SYSTEM32\apphelp.dll
0x74ce0000 - 0x75058000 	C:\Program Files\SentinelOne\Sentinel Agent 25.1.3.334\InProcessClient32.dll
0x75e90000 - 0x75f12000 	C:\WINDOWS\System32\ADVAPI32.dll
0x75b60000 - 0x75c27000 	C:\WINDOWS\System32\msvcrt.dll
0x76bc0000 - 0x76c45000 	C:\WINDOWS\System32\sechost.dll
0x74cd0000 - 0x74cd8000 	C:\WINDOWS\SYSTEM32\VERSION.dll
0x76790000 - 0x7684c000 	C:\WINDOWS\System32\RPCRT4.dll
0x76370000 - 0x76480000 	C:\WINDOWS\System32\ucrtbase.dll
0x6e4a0000 - 0x6e4b4000 	C:\Users\Agent17\.bubblewrap\jdk\jdk-17.0.11+9\bin\VCRUNTIME140.dll
0x6e480000 - 0x6e495000 	C:\Users\Agent17\.bubblewrap\jdk\jdk-17.0.11+9\bin\jli.dll
0x75ca0000 - 0x75e79000 	C:\WINDOWS\System32\USER32.dll
0x71340000 - 0x71569000 	C:\WINDOWS\WinSxS\x86_microsoft.windows.common-controls_6595b64144ccf1df_6.0.26100.8875_none_85ba9419f7ac12e3\COMCTL32.dll
0x765c0000 - 0x765dc000 	C:\WINDOWS\System32\win32u.dll
0x76590000 - 0x765b2000 	C:\WINDOWS\System32\GDI32.dll
0x75160000 - 0x7524a000 	C:\WINDOWS\System32\gdi32full.dll
0x765f0000 - 0x76675000 	C:\WINDOWS\System32\msvcp_win.dll
0x74cc0000 - 0x74cc9000 	C:\WINDOWS\SYSTEM32\FLTLIB.DLL
0x75250000 - 0x75275000 	C:\WINDOWS\System32\IMM32.DLL
0x6e410000 - 0x6e47d000 	C:\Users\Agent17\.bubblewrap\jdk\jdk-17.0.11+9\bin\msvcp140.dll
0x68930000 - 0x68e64000 	C:\Users\Agent17\.bubblewrap\jdk\jdk-17.0.11+9\bin\client\jvm.dll
0x74c00000 - 0x74c55000 	C:\WINDOWS\SYSTEM32\POWRPROF.dll
0x74900000 - 0x74908000 	C:\WINDOWS\SYSTEM32\WSOCK32.dll
0x75f30000 - 0x75f9a000 	C:\WINDOWS\System32\WS2_32.dll
0x71600000 - 0x71633000 	C:\WINDOWS\SYSTEM32\WINMM.dll
0x74440000 - 0x7444e000 	C:\WINDOWS\SYSTEM32\UMPDC.dll
0x74910000 - 0x74925000 	C:\WINDOWS\SYSTEM32\kernel.appcore.dll
0x6e400000 - 0x6e409000 	C:\Users\Agent17\.bubblewrap\jdk\jdk-17.0.11+9\bin\jimage.dll
0x73fe0000 - 0x741c0000 	C:\WINDOWS\SYSTEM32\DBGHELP.DLL
0x760d0000 - 0x76363000 	C:\WINDOWS\System32\combase.dll
0x774c0000 - 0x77560000 	C:\WINDOWS\System32\OLEAUT32.dll
0x73ea0000 - 0x73ed0000 	C:\WINDOWS\SYSTEM32\dbgcore.DLL
0x76860000 - 0x768da000 	C:\WINDOWS\System32\bcryptPrimitives.dll
0x6e2f0000 - 0x6e2fd000 	C:\Users\Agent17\.bubblewrap\jdk\jdk-17.0.11+9\bin\instrument.dll
0x6e3d0000 - 0x6e3f1000 	C:\Users\Agent17\.bubblewrap\jdk\jdk-17.0.11+9\bin\java.dll
0x69ce0000 - 0x69d72000 	C:\Program Files\SentinelOne\Sentinel Agent 25.1.3.334\SentinelJava32.dll
0x76c50000 - 0x76da5000 	C:\WINDOWS\System32\ole32.dll
0x753b0000 - 0x75a0d000 	C:\WINDOWS\System32\SHELL32.dll
0x716d0000 - 0x71dd9000 	C:\WINDOWS\SYSTEM32\windows.storage.dll
0x75080000 - 0x75152000 	C:\WINDOWS\System32\SHCORE.dll
0x75280000 - 0x752d2000 	C:\WINDOWS\System32\shlwapi.dll
0x73e10000 - 0x73e2d000 	C:\WINDOWS\SYSTEM32\profapi.dll
0x6e370000 - 0x6e386000 	C:\Users\Agent17\.bubblewrap\jdk\jdk-17.0.11+9\bin\zip.dll
0x6e3b0000 - 0x6e3c4000 	C:\Users\Agent17\.bubblewrap\jdk\jdk-17.0.11+9\bin\net.dll
0x745d0000 - 0x746b6000 	C:\WINDOWS\SYSTEM32\WINHTTP.dll
0x70540000 - 0x70594000 	C:\WINDOWS\system32\mswsock.dll
0x6e390000 - 0x6e3a2000 	C:\Users\Agent17\.bubblewrap\jdk\jdk-17.0.11+9\bin\nio.dll
0x6e340000 - 0x6e34d000 	C:\Users\Agent17\.bubblewrap\jdk\jdk-17.0.11+9\bin\verify.dll
0x6e300000 - 0x6e320000 	C:\Users\Agent17\.gradle\native\c067742578af261105cb4f569cf0c3c89f3d7b1fecec35dd04571415982c5e48\windows-i386\native-platform.dll
0x6e200000 - 0x6e2f0000 	C:\Users\Agent17\.gradle\native\100fb08df4bc3b14c8652ba06237920a3bd2aa13389f12d3474272988ae205f9\windows-i386\native-platform-file-events.dll
0x6e330000 - 0x6e338000 	C:\Users\Agent17\.bubblewrap\jdk\jdk-17.0.11+9\bin\management.dll
0x6e320000 - 0x6e329000 	C:\Users\Agent17\.bubblewrap\jdk\jdk-17.0.11+9\bin\management_ext.dll
0x75ae0000 - 0x75ae6000 	C:\WINDOWS\System32\PSAPI.DLL
0x74370000 - 0x74384000 	C:\WINDOWS\SYSTEM32\CRYPTSP.dll
0x74330000 - 0x74362000 	C:\WINDOWS\system32\rsaenh.dll
0x74930000 - 0x74958000 	C:\WINDOWS\SYSTEM32\USERENV.dll
0x73a30000 - 0x73a4c000 	C:\WINDOWS\SYSTEM32\bcrypt.dll
0x74320000 - 0x7432a000 	C:\WINDOWS\SYSTEM32\CRYPTBASE.dll
0x73fb0000 - 0x73fd6000 	C:\WINDOWS\SYSTEM32\IPHLPAPI.DLL
0x75e80000 - 0x75e87000 	C:\WINDOWS\System32\NSI.dll
0x703d0000 - 0x703e7000 	C:\WINDOWS\SYSTEM32\dhcpcsvc6.DLL
0x70390000 - 0x703ab000 	C:\WINDOWS\SYSTEM32\dhcpcsvc.DLL
0x70400000 - 0x7050e000 	C:\WINDOWS\SYSTEM32\DNSAPI.dll
0x703f0000 - 0x703fa000 	C:\WINDOWS\SYSTEM32\DSPARSE.dll
0x6e350000 - 0x6e356000 	C:\Users\Agent17\.bubblewrap\jdk\jdk-17.0.11+9\bin\extnet.dll
0x6e360000 - 0x6e36b000 	C:\Users\Agent17\.bubblewrap\jdk\jdk-17.0.11+9\bin\sunmscapi.dll
0x68300000 - 0x68409000 	C:\WINDOWS\System32\CRYPT32.dll
0x73ee0000 - 0x73f08000 	C:\WINDOWS\SYSTEM32\ncrypt.dll
0x73de0000 - 0x73e08000 	C:\WINDOWS\SYSTEM32\NTASN1.dll
0x6e1f0000 - 0x6e1f7000 	C:\WINDOWS\system32\wshunix.dll
0x702b0000 - 0x702b8000 	C:\Windows\System32\rasadhlp.dll
0x702c0000 - 0x70322000 	C:\WINDOWS\System32\fwpuclnt.dll
0x74410000 - 0x74439000 	C:\WINDOWS\SYSTEM32\ntmarta.dll

dbghelp: loaded successfully - version: 4.0.5 - missing functions: none
symbol engine: initialized successfully - sym options: 0x614 - pdb path: .;C:\Users\Agent17\.bubblewrap\jdk\jdk-17.0.11+9\bin;C:\WINDOWS\SYSTEM32;C:\Program Files\SentinelOne\Sentinel Agent 25.1.3.334;C:\WINDOWS\WinSxS\x86_microsoft.windows.common-controls_6595b64144ccf1df_6.0.26100.8875_none_85ba9419f7ac12e3;C:\Users\Agent17\.bubblewrap\jdk\jdk-17.0.11+9\bin\client;C:\Users\Agent17\.gradle\native\c067742578af261105cb4f569cf0c3c89f3d7b1fecec35dd04571415982c5e48\windows-i386;C:\Users\Agent17\.gradle\native\100fb08df4bc3b14c8652ba06237920a3bd2aa13389f12d3474272988ae205f9\windows-i386

VM Arguments:
jvm_args: --add-opens=java.base/java.lang=ALL-UNNAMED --add-opens=java.base/java.lang.invoke=ALL-UNNAMED --add-opens=java.base/java.util=ALL-UNNAMED --add-opens=java.prefs/java.util.prefs=ALL-UNNAMED --add-exports=jdk.compiler/com.sun.tools.javac.api=ALL-UNNAMED --add-exports=jdk.compiler/com.sun.tools.javac.util=ALL-UNNAMED --add-opens=java.base/java.util=ALL-UNNAMED --add-opens=java.prefs/java.util.prefs=ALL-UNNAMED --add-opens=java.base/java.nio.charset=ALL-UNNAMED --add-opens=java.base/java.net=ALL-UNNAMED --add-opens=java.base/java.util.concurrent.atomic=ALL-UNNAMED --add-opens=java.xml/javax.xml.namespace=ALL-UNNAMED -Xmx1536m -Dfile.encoding=windows-1252 -Duser.country=US -Duser.language=en -Duser.variant -javaagent:C:\Users\Agent17\.gradle\wrapper\dists\gradle-8.11.1-bin\bpt9gzteqjrbo1mjrsomdt32c\gradle-8.11.1\lib\agents\gradle-instrumentation-agent-8.11.1.jar -agentpath:C:\Program Files\SentinelOne\Sentinel Agent 25.1.3.334\SentinelJava32.dll=extendedCapabilities 
java_command: org.gradle.launcher.daemon.bootstrap.GradleDaemon 8.11.1
java_class_path (initial): C:\Users\Agent17\.gradle\wrapper\dists\gradle-8.11.1-bin\bpt9gzteqjrbo1mjrsomdt32c\gradle-8.11.1\lib\gradle-daemon-main-8.11.1.jar
Launcher Type: SUN_STANDARD

[Global flags]
     intx CICompilerCount                          = 1                                         {product} {ergonomic}
    uintx CodeCacheExpansionSize                   = 32768                                  {pd product} {ergonomic}
    uintx InitialCodeCacheSize                     = 163840                                 {pd product} {ergonomic}
   size_t InitialHeapSize                          = 16777216                                  {product} {ergonomic}
   size_t MaxHeapSize                              = 1610612736                                {product} {command line}
   size_t MaxNewSize                               = 536870912                                 {product} {ergonomic}
   size_t MinHeapDeltaBytes                        = 131072                                    {product} {ergonomic}
   size_t MinHeapSize                              = 6291456                                   {product} {ergonomic}
     bool NeverActAsServerClassMachine             = true                                   {pd product} {ergonomic}
   size_t NewSize                                  = 5570560                                   {product} {ergonomic}
    uintx NonNMethodCodeHeapSize                   = 5242880                                {pd product} {ergonomic}
    uintx NonProfiledCodeHeapSize                  = 0                                      {pd product} {ergonomic}
   size_t OldSize                                  = 11206656                                  {product} {ergonomic}
     bool ProfileInterpreter                       = false                                  {pd product} {ergonomic}
    uintx ProfiledCodeHeapSize                     = 0                                      {pd product} {ergonomic}
    uintx ReservedCodeCacheSize                    = 33554432                               {pd product} {ergonomic}
   size_t SoftMaxHeapSize                          = 1610612736                             {manageable} {ergonomic}
     bool UseLargePagesIndividualAllocation        = false                                  {pd product} {ergonomic}
     bool UseSerialGC                              = true                                      {product} {ergonomic}

Logging:
Log output configuration:
 #0: stdout all=warning uptime,level,tags
 #1: stderr all=off uptime,level,tags

Environment Variables:
JAVA_HOME=C:\Users\Agent17\.bubblewrap\jdk\jdk-17.0.11+9\
CLASSPATH=C:\Users\Agent17\.claude\jobs\35e9ff7a\tmp\convertly-web\android\\gradle\wrapper\gradle-wrapper.jar
PATH=C:\Users\Agent17\.bubblewrap\jdk\jdk-17.0.11+9\bin\;c:\Users\Agent17\AppData\Roaming\Code\User\globalStorage\github.copilot-chat\debugCommand;c:\Users\Agent17\AppData\Roaming\Code\User\globalStorage\github.copilot-chat\copilotCli;C:\WINDOWS\system32;C:\WINDOWS;C:\WINDOWS\System32\Wbem;C:\WINDOWS\System32\WindowsPowerShell\v1.0\;C:\WINDOWS\System32\OpenSSH\;C:\Users\Agent17\AppData\Local\nodejs\node-v22.23.1-win-x64;c:\Users\Agent17\AppData\Local\Programs\cursor\resources\app\codeBin;C:\Users\Agent17\.kimi-code\bin;c:\Users\Agent17\AppData\Roaming\Code\User\globalStorage\github.copilot-chat\debugCommand;c:\Users\Agent17\AppData\Roaming\Code\User\globalStorage\github.copilot-chat\copilotCli;C:\WINDOWS\system32;C:\WINDOWS;C:\WINDOWS\System32\Wbem;C:\WINDOWS\System32\WindowsPowerShell\v1.0\;C:\WINDOWS\System32\OpenSSH\;C:\Users\Agent17\AppData\Local\Microsoft\WindowsApps;C:\Users\Agent17\AppData\Local\Programs\Microsoft VS Code\bin;C:\Users\Agent17\AppData\Roaming\ScanApp2;C:\Users\Agent17\AppData\Local\Programs\Git\cmd;C:\Users\Agent17\AppData\Local\Programs\Ollama;C:\Users\Agent17\AppData\Local\Microsoft\WinGet\Packages\Ngrok.Ngrok_Microsoft.Winget.Source_8wekyb3d8bbwe;C:\Users\Agent17\AppData\Local\Microsoft\WinGet\Packages\Gyan.FFmpeg_Microsoft.Winget.Source_8wekyb3d8bbwe\ffmpeg-8.1.1-full_build\bin;C:\Users\Agent17\AppData\Local\Microsoft\WinGet\Packages\GitHub.cli_Microsoft.Winget.Source_8wekyb3d8bbwe\bin;c:\Users\Agent17\.vscode\extensions\ms-python.debugpy-2026.6.0-win32-x64\bundled\scripts\noConfigScripts
USERNAME=IbrahimIzzeldinMirgh
LANG=en_US.UTF-8
TERM=xterm-256color
OS=Windows_NT
PROCESSOR_IDENTIFIER=Intel64 Family 6 Model 154 Stepping 4, GenuineIntel
TMP=C:\Users\Agent17\AppData\Local\Temp
TEMP=C:\Users\Agent17\AppData\Local\Temp



Periodic native trim disabled


---------------  S Y S T E M  ---------------

OS:
 Windows 11 , 64 bit Build 26100 (10.0.26100.8875)
OS uptime: 5 days 8:33 hours
Hyper-V role detected

CPU: total 12 (initial active 12) (6 cores per cpu, 2 threads per core) family 6 model 154 stepping 4 microcode 0x43b, cx8, cmov, fxsr, ht, mmx, 3dnowpref, sse, sse2, sse3, ssse3, sse4.1, sse4.2, popcnt, lzcnt, tsc, tscinvbit, avx, avx2, aes, erms, clmul, bmi1, bmi2, adx, sha, fma, vzeroupper, clflush, clflushopt, clwb, hv
Processor Information for processor 0
  Max Mhz: 1300, Current Mhz: 1300, Mhz Limit: 1300
Processor Information for processor 1
  Max Mhz: 1300, Current Mhz: 1300, Mhz Limit: 1300
Processor Information for processor 2
  Max Mhz: 1300, Current Mhz: 1300, Mhz Limit: 1300
Processor Information for processor 3
  Max Mhz: 1300, Current Mhz: 1300, Mhz Limit: 1300
Processor Information for processor 4
  Max Mhz: 1300, Current Mhz: 900, Mhz Limit: 897
Processor Information for processor 5
  Max Mhz: 1300, Current Mhz: 900, Mhz Limit: 897
Processor Information for processor 6
  Max Mhz: 1300, Current Mhz: 900, Mhz Limit: 897
Processor Information for processor 7
  Max Mhz: 1300, Current Mhz: 900, Mhz Limit: 897
Processor Information for processor 8
  Max Mhz: 1300, Current Mhz: 900, Mhz Limit: 897
Processor Information for processor 9
  Max Mhz: 1300, Current Mhz: 900, Mhz Limit: 897
Processor Information for processor 10
  Max Mhz: 1300, Current Mhz: 900, Mhz Limit: 897
Processor Information for processor 11
  Max Mhz: 1300, Current Mhz: 900, Mhz Limit: 897

Memory: 4k page, system-wide physical 16081M (417M free)
TotalPageFile size 32990M (AvailPageFile size 4735M), user-mode portion of virtual address-space 2047M (53M free)
current process WorkingSet (physical memory assigned to process): 678M, peak: 678M
current process commit charge ("private bytes"): 694M, peak: 694M

vm_info: OpenJDK Client VM (17.0.11+9) for windows-x86 JRE (17.0.11+9), built on Apr 18 2024 18:23:17 by "admin" with MS VC++ 16.10 / 16.11 (VS2019)

END.
